pair_id,intent_category,raw_customer_message,raw_support_reply,customer_message,support_reply
SPOT-0001,Login & Auth Issue,@SpotifyCares I can't log into my account since morning! It keeps saying invalid password even after resetting it.,Hey there! Sorry to hear that. Can you try clearing your app cache or logging in via an incognito browser window? Let us know if that works! ^NK,I can't log into my account since morning! It keeps saying invalid password even after resetting it.,Hey there! Sorry to hear that. Can you try clearing your app cache or logging in via an incognito browser window? Let us know if that works! ^NK
SPOT-0002,Login & Auth Issue,@SpotifyCares I'm trying to log in on my new iPhone but not getting the 2FA verification code on SMS.,"Hi! Make sure your network connection is stable. If you still don't receive the SMS code, Send us a DM with your account email address and we'll check. ^JM",I'm trying to log in on my new iPhone but not getting the 2FA verification code on SMS.,"Hi! Make sure your network connection is stable. If you still don't receive the SMS code, Send us a DM with your account email address and we'll check. ^JM"
SPOT-0003,Login & Auth Issue,@SpotifyCares Why does Spotify keep logging me out every time I close the app on Windows 11?,Hey! That sounds frustrating. Try doing a clean reinstallation of the app. Let us know how it goes! ^BP,Why does Spotify keep logging me out every time I close the app on Windows 11?,Hey! That sounds frustrating. Try doing a clean reinstallation of the app. Let us know how it goes! ^BP
SPOT-0004,Login & Auth Issue,@SpotifyCares Forgot my password and the reset email isn't showing up in my inbox or spam folder.,Hi there! Check if your account was registered with Facebook or Apple ID instead. Send us a DM if you still need a hand! ^CA,Forgot my password and the reset email isn't showing up in my inbox or spam folder.,Hi there! Check if your account was registered with Facebook or Apple ID instead. Send us a DM if you still need a hand! ^CA
SPOT-0005,Login & Auth Issue,@SpotifyCares Getting error code 408 when trying to sign in on Spotify Web Player.,"Hey! Try disabling your browser extensions or VPN temporarily. If the issue persists, let us know your browser version. ^NK",Getting error code 408 when trying to sign in on Spotify Web Player.,"Hey! Try disabling your browser extensions or VPN temporarily. If the issue persists, let us know your browser version. ^NK"
SPOT-0006,Subscription & Premium,@SpotifyCares I renewed my Premium subscription yesterday but my account still shows Free status!,Hey! Try logging out and logging back in—that usually syncs your payment status right away. DM us your receipt if it stays Free! ^JM,I renewed my Premium subscription yesterday but my account still shows Free status!,Hey! Try logging out and logging back in—that usually syncs your payment status right away. DM us your receipt if it stays Free! ^JM
SPOT-0007,Subscription & Premium,@SpotifyCares How do I add a new member to my Spotify Family Plan?,Hi! The plan manager can send an invite link from their account page under Manage Family Plan. Everyone must reside at the same address. ^BP,How do I add a new member to my Spotify Family Plan?,Hi! The plan manager can send an invite link from their account page under Manage Family Plan. Everyone must reside at the same address. ^BP
SPOT-0008,Subscription & Premium,"@SpotifyCares My student discount expired, how do I re-verify my SheerID status?",Hey! You can re-verify your student status at spotify.com/student. Just follow the SheerID verification prompts there. ^CA,"My student discount expired, how do I re-verify my SheerID status?",Hey! You can re-verify your student status at spotify.com/student. Just follow the SheerID verification prompts there. ^CA
SPOT-0009,Subscription & Premium,@SpotifyCares Does Spotify Premium Duo allow two separate accounts with independent playlists?,"Hi there! Yes, Premium Duo provides two distinct Premium accounts under one discounted bill! ^NK",Does Spotify Premium Duo allow two separate accounts with independent playlists?,"Hi there! Yes, Premium Duo provides two distinct Premium accounts under one discounted bill! ^NK"
SPOT-0010,Subscription & Premium,@SpotifyCares I paid for 3 months prepaid card but Premium is only active for 1 month.,"Hey! Send us a DM with a photo of your gift card receipt and PIN, and we'll investigate for you. ^JM",I paid for 3 months prepaid card but Premium is only active for 1 month.,"Hey! Send us a DM with a photo of your gift card receipt and PIN, and we'll investigate for you. ^JM"
SPOT-0011,Billing & Refund Request,@SpotifyCares You guys charged me twice for Premium this month! I need a refund immediately.,Hi there! We can definitely look into double charges. Please send us a DM with your Spotify username and billing receipt screenshot. ^BP,You guys charged me twice for Premium this month! I need a refund immediately.,Hi there! We can definitely look into double charges. Please send us a DM with your Spotify username and billing receipt screenshot. ^BP
SPOT-0012,Billing & Refund Request,@SpotifyCares I canceled my subscription last week but was still charged $10.99 today. Refund please!,Hey! We'd be glad to check your cancellation status. DM us your account email so we can verify the billing cycle details. ^CA,I canceled my subscription last week but was still charged $10.99 today. Refund please!,Hey! We'd be glad to check your cancellation status. DM us your account email so we can verify the billing cycle details. ^CA
SPOT-0013,Billing & Refund Request,@SpotifyCares Unknown charge from Spotify on my bank statement that I did not authorize.,Hi! We take billing security seriously. Please DM us the date and exact amount charged so we can locate the transaction. ^NK,Unknown charge from Spotify on my bank statement that I did not authorize.,Hi! We take billing security seriously. Please DM us the date and exact amount charged so we can locate the transaction. ^NK
SPOT-0014,Billing & Refund Request,@SpotifyCares How long does a refund take to reflect back into my Visa credit card?,"Hey! Once issued, refunds typically take 3-5 business days to appear on your bank account statement depending on your bank. ^JM",How long does a refund take to reflect back into my Visa credit card?,"Hey! Once issued, refunds typically take 3-5 business days to appear on your bank account statement depending on your bank. ^JM"
SPOT-0015,Billing & Refund Request,@SpotifyCares Changed my payment card details but the payment keeps failing with payment error.,Hi! Make sure your card is enabled for international online recurring transactions. DM us if you need further help! ^BP,Changed my payment card details but the payment keeps failing with payment error.,Hi! Make sure your card is enabled for international online recurring transactions. DM us if you need further help! ^BP
SPOT-0016,Playback & Audio Bugs,@SpotifyCares Songs keep pausing automatically every 10 seconds on Android when screen locks.,Hey! Check your battery saver settings for Spotify and set background battery usage to Unrestricted. Let us know if that fixes it! ^CA,Songs keep pausing automatically every 10 seconds on Android when screen locks.,Hey! Check your battery saver settings for Spotify and set background battery usage to Unrestricted. Let us know if that fixes it! ^CA
SPOT-0017,Playback & Audio Bugs,@SpotifyCares Audio quality sounds crackly and muffled on my Bluetooth headphones on desktop.,Hi! Try toggling Very High audio quality in Settings and turn off Hardware Acceleration under Advanced Settings. ^NK,Audio quality sounds crackly and muffled on my Bluetooth headphones on desktop.,Hi! Try toggling Very High audio quality in Settings and turn off Hardware Acceleration under Advanced Settings. ^NK
SPOT-0018,Playback & Audio Bugs,@SpotifyCares Offline downloaded songs won't play when I turn off Wi-Fi/Cellular data.,Hey! Make sure Offline Mode is toggled on in Spotify app settings. Also verify your device connected online within the last 30 days. ^JM,Offline downloaded songs won't play when I turn off Wi-Fi/Cellular data.,Hey! Make sure Offline Mode is toggled on in Spotify app settings. Also verify your device connected online within the last 30 days. ^JM
SPOT-0019,Playback & Audio Bugs,@SpotifyCares Crossfade between tracks isn't working on my iOS app after latest update.,Hi! Try toggling Crossfade off and on again under Settings > Playback. Restarting your device can also help. ^BP,Crossfade between tracks isn't working on my iOS app after latest update.,Hi! Try toggling Crossfade off and on again under Settings > Playback. Restarting your device can also help. ^BP
SPOT-0020,Playback & Audio Bugs,@SpotifyCares Volume drops dramatically whenever a new song starts playing.,Hey! Check if Enable Audio Normalization is switched on in your Playback settings. Send us a DM if the issue continues! ^CA,Volume drops dramatically whenever a new song starts playing.,Hey! Check if Enable Audio Normalization is switched on in your Playback settings. Send us a DM if the issue continues! ^CA
SPOT-0021,App Crash & Performance,@SpotifyCares The Spotify desktop app crashes every time I open my Saved Songs library.,Hi! This could be caused by corrupted cache. Try performing a clean reinstall of the desktop app. DM us if it keeps crashing! ^NK,The Spotify desktop app crashes every time I open my Saved Songs library.,Hi! This could be caused by corrupted cache. Try performing a clean reinstall of the desktop app. DM us if it keeps crashing! ^NK
SPOT-0022,App Crash & Performance,@SpotifyCares App is super slow and freezing on my iPad Air. Takes 30 seconds to load any page.,Hey! Go to Settings > Storage > Clear Cache. This won't delete your downloaded songs! Let us know if it speeds things up. ^JM,App is super slow and freezing on my iPad Air. Takes 30 seconds to load any page.,Hey! Go to Settings > Storage > Clear Cache. This won't delete your downloaded songs! Let us know if it speeds things up. ^JM
SPOT-0023,App Crash & Performance,@SpotifyCares Spotify crashes immediately on startup after updating to iOS 18.,Hi! Make sure you have the latest Spotify update installed from the App Store. A quick phone restart can also clear temporary glitches. ^BP,Spotify crashes immediately on startup after updating to iOS 18.,Hi! Make sure you have the latest Spotify update installed from the App Store. A quick phone restart can also clear temporary glitches. ^BP
SPOT-0024,App Crash & Performance,"@SpotifyCares High battery drain on Android after the latest app update, phone gets super hot.",Hey! Send us a DM with your Spotify app version and device model details so our tech team can take a look! ^CA,"High battery drain on Android after the latest app update, phone gets super hot.",Hey! Send us a DM with your Spotify app version and device model details so our tech team can take a look! ^CA
SPOT-0025,App Crash & Performance,@SpotifyCares Spotify Connect is not finding my Smart TV or Chromecast speakers.,Hi there! Ensure both your mobile phone and Smart TV are connected to the exact same Wi-Fi network. ^NK,Spotify Connect is not finding my Smart TV or Chromecast speakers.,Hi there! Ensure both your mobile phone and Smart TV are connected to the exact same Wi-Fi network. ^NK
SPOT-0026,Account Compromise & Security,@SpotifyCares Someone hacked my account! The email was changed without my permission and my playlists were wiped!,Hi! We're here to help recover your account right away. Please send us a direct message immediately with any original payment receipt or former email. ^JM,Someone hacked my account! The email was changed without my permission and my playlists were wiped!,Hi! We're here to help recover your account right away. Please send us a direct message immediately with any original payment receipt or former email. ^JM
SPOT-0027,Account Compromise & Security,@SpotifyCares I see strange songs playing on my account from a device called Living Room PC that I don't own!,"Hey! Go to your account page at spotify.com/account and click Sign out everywhere, then change your password right away. DM us if you need help! ^BP",I see strange songs playing on my account from a device called Living Room PC that I don't own!,"Hey! Go to your account page at spotify.com/account and click Sign out everywhere, then change your password right away. DM us if you need help! ^BP"
SPOT-0028,Account Compromise & Security,@SpotifyCares Got an email saying my email address was updated on Spotify but I didn't do it!,Hi! That sounds suspicious. Send us a DM immediately with your account username so our security team can lock and restore your account. ^CA,Got an email saying my email address was updated on Spotify but I didn't do it!,Hi! That sounds suspicious. Send us a DM immediately with your account username so our security team can lock and restore your account. ^CA
SPOT-0029,Account Compromise & Security,@SpotifyCares Someone added random explicit songs to my private playlists. Is my account compromised?,Hey! We suggest resetting your password and revoking access to 3rd-party apps at spotify.com/account/apps. Send us a DM if you need further security checks! ^NK,Someone added random explicit songs to my private playlists. Is my account compromised?,Hey! We suggest resetting your password and revoking access to 3rd-party apps at spotify.com/account/apps. Send us a DM if you need further security checks! ^NK
SPOT-0030,Playlist & Library Issues,@SpotifyCares All my saved playlists disappeared after updating the app!,Hi! Make sure you are logged into the exact same account. DM us your username if they're still missing! ^JM,All my saved playlists disappeared after updating the app!,Hi! Make sure you are logged into the exact same account. DM us your username if they're still missing! ^JM
SPOT-0031,Playlist & Library Issues,@SpotifyCares How do I sync local MP3 files from my computer to my iPhone Spotify app?,"Hey! Turn on Local Files in app settings on both devices, put both on the same Wi-Fi network, and add the songs to a playlist! ^BP",How do I sync local MP3 files from my computer to my iPhone Spotify app?,"Hey! Turn on Local Files in app settings on both devices, put both on the same Wi-Fi network, and add the songs to a playlist! ^BP"
SPOT-0032,Playlist & Library Issues,@SpotifyCares Is there a limit to how many songs I can add to my Liked Songs library?,"Hi! Great news! There is no longer a 10,000 song limit for Liked Songs. You can save as many tracks as you want! ^CA",Is there a limit to how many songs I can add to my Liked Songs library?,"Hi! Great news! There is no longer a 10,000 song limit for Liked Songs. You can save as many tracks as you want! ^CA"
SPOT-0033,Playlist & Library Issues,@SpotifyCares Accidentally deleted my favorite playlist! Can I recover it?,Hey! Yes! Log in to spotify.com/account and go to Recover Playlists on the left menu. You'll find your deleted playlist there! ^NK,Accidentally deleted my favorite playlist! Can I recover it?,Hey! Yes! Log in to spotify.com/account and go to Recover Playlists on the left menu. You'll find your deleted playlist there! ^NK
SPOT-0034,General Query & Feature Request,@SpotifyCares When is Spotify HiFi / Lossless audio quality releasing in India?,"Hi there! We don't have an exact release date to share right now, but stay tuned to our newsroom for official announcements! ^JM",When is Spotify HiFi / Lossless audio quality releasing in India?,"Hi there! We don't have an exact release date to share right now, but stay tuned to our newsroom for official announcements! ^JM"
SPOT-0035,General Query & Feature Request,@SpotifyCares Can I disable podcast recommendations from showing up on my home feed?,"Hey! We appreciate the feedback! Currently podcast recommendations are part of the home feed, but we'll share your suggestion with our team. ^BP",Can I disable podcast recommendations from showing up on my home feed?,"Hey! We appreciate the feedback! Currently podcast recommendations are part of the home feed, but we'll share your suggestion with our team. ^BP"
SPOT-0036,General Query & Feature Request,@SpotifyCares Is Spotify Wrapped 2026 available yet?,Hi! Spotify Wrapped usually drops towards the end of the year in late November or early December. Stay tuned! ^CA,Is Spotify Wrapped 2026 available yet?,Hi! Spotify Wrapped usually drops towards the end of the year in late November or early December. Stay tuned! ^CA
SPOT-0037,General Query & Feature Request,@SpotifyCares How do I turn on real-time synchronized lyrics on Spotify desktop app?,Hey! Click the small microphone icon in the bottom right playback bar while a song is playing to view live lyrics! ^NK,How do I turn on real-time synchronized lyrics on Spotify desktop app?,Hey! Click the small microphone icon in the bottom right playback bar while a song is playing to view live lyrics! ^NK
SPOT-0038,Playlist & Library Issues,@SpotifyCares Cannot edit or reorder tracks in my playlist Workout Mix on Windows 11.,Hey! Make sure playlist isn't set to read-only or collaborative mode without edit permissions. ^BP,Cannot edit or reorder tracks in my playlist Workout Mix on Windows 11.,Hey! Make sure playlist isn't set to read-only or collaborative mode without edit permissions. ^BP
SPOT-0039,Billing & Refund Request,@SpotifyCares Charged $19.99 on my card for Spotify but I don't have an active subscription.,Hi! DM us the charge details and transaction date so we can track down the account responsible. ^BP,Charged $19.99 on my card for Spotify but I don't have an active subscription.,Hi! DM us the charge details and transaction date so we can track down the account responsible. ^BP
SPOT-0040,Billing & Refund Request,@SpotifyCares Charged $19.99 on my card for Spotify but I don't have an active subscription.,Hi! DM us the charge details and transaction date so we can track down the account responsible. ^BP,Charged $19.99 on my card for Spotify but I don't have an active subscription.,Hi! DM us the charge details and transaction date so we can track down the account responsible. ^BP
SPOT-0041,Playback & Audio Bugs,@SpotifyCares Songs stop playing randomly after 30 seconds on Web Player.,Hey! Check background battery optimization settings for Spotify on your device. ^CA,Songs stop playing randomly after 30 seconds on Web Player.,Hey! Check background battery optimization settings for Spotify on your device. ^CA
SPOT-0042,Billing & Refund Request,@SpotifyCares Charged $16.99 on my card for Spotify but I don't have an active subscription.,Hi! DM us the charge details and transaction date so we can track down the account responsible. ^BP,Charged $16.99 on my card for Spotify but I don't have an active subscription.,Hi! DM us the charge details and transaction date so we can track down the account responsible. ^BP
SPOT-0043,Playback & Audio Bugs,@SpotifyCares Songs stop playing randomly after 30 seconds on iPad Air.,Hey! Check background battery optimization settings for Spotify on your device. ^CA,Songs stop playing randomly after 30 seconds on iPad Air.,Hey! Check background battery optimization settings for Spotify on your device. ^CA
SPOT-0044,Login & Auth Issue,"@SpotifyCares Can't sign in on iPad Air, error says Authentication Failed.",Hi! Try clearing app cache and restarting your device. Send us a DM if issue persists! ^NK,"Can't sign in on iPad Air, error says Authentication Failed.",Hi! Try clearing app cache and restarting your device. Send us a DM if issue persists! ^NK
SPOT-0045,Subscription & Premium,@SpotifyCares Want to switch my plan from Free to Individual Premium. How does billing work?,Hey! You can change your plan under account overview. Any unused time will be prorated! ^JM,Want to switch my plan from Free to Individual Premium. How does billing work?,Hey! You can change your plan under account overview. Any unused time will be prorated! ^JM
SPOT-0046,Playlist & Library Issues,@SpotifyCares Cannot edit or reorder tracks in my playlist Chill Vibes on MacBook Pro.,Hey! Make sure playlist isn't set to read-only or collaborative mode without edit permissions. ^BP,Cannot edit or reorder tracks in my playlist Chill Vibes on MacBook Pro.,Hey! Make sure playlist isn't set to read-only or collaborative mode without edit permissions. ^BP
SPOT-0047,Subscription & Premium,@SpotifyCares Want to switch my plan from Free to Individual Premium. How does billing work?,Hey! You can change your plan under account overview. Any unused time will be prorated! ^JM,Want to switch my plan from Free to Individual Premium. How does billing work?,Hey! You can change your plan under account overview. Any unused time will be prorated! ^JM
SPOT-0048,Account Compromise & Security,@SpotifyCares Got account alert that password was modified on Windows 11 without my consent.,Hi! Send us a direct message immediately so our security team can secure your account. ^JM,Got account alert that password was modified on Windows 11 without my consent.,Hi! Send us a direct message immediately so our security team can secure your account. ^JM
SPOT-0049,Playlist & Library Issues,@SpotifyCares Cannot edit or reorder tracks in my playlist My Top 2026 Hits on Web Player.,Hey! Make sure playlist isn't set to read-only or collaborative mode without edit permissions. ^BP,Cannot edit or reorder tracks in my playlist My Top 2026 Hits on Web Player.,Hey! Make sure playlist isn't set to read-only or collaborative mode without edit permissions. ^BP
SPOT-0050,App Crash & Performance,@SpotifyCares Spotify app keeps crashing when loading Artist Page on Android 14.,Hi! Perform a clean reinstall of the app to clear corrupted cache. ^NK,Spotify app keeps crashing when loading Artist Page on Android 14.,Hi! Perform a clean reinstall of the app to clear corrupted cache. ^NK
SPOT-0051,Playlist & Library Issues,@SpotifyCares Cannot edit or reorder tracks in my playlist My Top 2026 Hits on MacBook Pro.,Hey! Make sure playlist isn't set to read-only or collaborative mode without edit permissions. ^BP,Cannot edit or reorder tracks in my playlist My Top 2026 Hits on MacBook Pro.,Hey! Make sure playlist isn't set to read-only or collaborative mode without edit permissions. ^BP
SPOT-0052,App Crash & Performance,@SpotifyCares Spotify app keeps crashing when loading Liked Songs on iPhone 15.,Hi! Perform a clean reinstall of the app to clear corrupted cache. ^NK,Spotify app keeps crashing when loading Liked Songs on iPhone 15.,Hi! Perform a clean reinstall of the app to clear corrupted cache. ^NK
SPOT-0053,Subscription & Premium,@SpotifyCares Want to switch my plan from Free to Individual Premium. How does billing work?,Hey! You can change your plan under account overview. Any unused time will be prorated! ^JM,Want to switch my plan from Free to Individual Premium. How does billing work?,Hey! You can change your plan under account overview. Any unused time will be prorated! ^JM
SPOT-0054,Billing & Refund Request,@SpotifyCares Charged $10.99 on my card for Spotify but I don't have an active subscription.,Hi! DM us the charge details and transaction date so we can track down the account responsible. ^BP,Charged $10.99 on my card for Spotify but I don't have an active subscription.,Hi! DM us the charge details and transaction date so we can track down the account responsible. ^BP
SPOT-0055,Playlist & Library Issues,@SpotifyCares Cannot edit or reorder tracks in my playlist Roadtrip Songs on MacBook Pro.,Hey! Make sure playlist isn't set to read-only or collaborative mode without edit permissions. ^BP,Cannot edit or reorder tracks in my playlist Roadtrip Songs on MacBook Pro.,Hey! Make sure playlist isn't set to read-only or collaborative mode without edit permissions. ^BP
SPOT-0056,Billing & Refund Request,@SpotifyCares Charged $19.99 on my card for Spotify but I don't have an active subscription.,Hi! DM us the charge details and transaction date so we can track down the account responsible. ^BP,Charged $19.99 on my card for Spotify but I don't have an active subscription.,Hi! DM us the charge details and transaction date so we can track down the account responsible. ^BP
SPOT-0057,App Crash & Performance,@SpotifyCares Spotify app keeps crashing when loading Artist Page on iPad Air.,Hi! Perform a clean reinstall of the app to clear corrupted cache. ^NK,Spotify app keeps crashing when loading Artist Page on iPad Air.,Hi! Perform a clean reinstall of the app to clear corrupted cache. ^NK
SPOT-0058,Billing & Refund Request,@SpotifyCares Charged $16.99 on my card for Spotify but I don't have an active subscription.,Hi! DM us the charge details and transaction date so we can track down the account responsible. ^BP,Charged $16.99 on my card for Spotify but I don't have an active subscription.,Hi! DM us the charge details and transaction date so we can track down the account responsible. ^BP
SPOT-0059,Account Compromise & Security,@SpotifyCares Got account alert that password was modified on Windows 11 without my consent.,Hi! Send us a direct message immediately so our security team can secure your account. ^JM,Got account alert that password was modified on Windows 11 without my consent.,Hi! Send us a direct message immediately so our security team can secure your account. ^JM
SPOT-0060,Playback & Audio Bugs,@SpotifyCares Songs stop playing randomly after every song transition on Android 14.,Hey! Check background battery optimization settings for Spotify on your device. ^CA,Songs stop playing randomly after every song transition on Android 14.,Hey! Check background battery optimization settings for Spotify on your device. ^CA
SPOT-0061,App Crash & Performance,@SpotifyCares Spotify app keeps crashing when loading Liked Songs on Android 14.,Hi! Perform a clean reinstall of the app to clear corrupted cache. ^NK,Spotify app keeps crashing when loading Liked Songs on Android 14.,Hi! Perform a clean reinstall of the app to clear corrupted cache. ^NK
SPOT-0062,Login & Auth Issue,"@SpotifyCares Can't sign in on MacBook Pro, error says Authentication Failed.",Hi! Try clearing app cache and restarting your device. Send us a DM if issue persists! ^NK,"Can't sign in on MacBook Pro, error says Authentication Failed.",Hi! Try clearing app cache and restarting your device. Send us a DM if issue persists! ^NK
SPOT-0063,Login & Auth Issue,"@SpotifyCares Can't sign in on Windows 11, error says Error 404.",Hi! Try clearing app cache and restarting your device. Send us a DM if issue persists! ^NK,"Can't sign in on Windows 11, error says Error 404.",Hi! Try clearing app cache and restarting your device. Send us a DM if issue persists! ^NK
SPOT-0064,Playlist & Library Issues,@SpotifyCares Cannot edit or reorder tracks in my playlist My Top 2026 Hits on iPhone 15.,Hey! Make sure playlist isn't set to read-only or collaborative mode without edit permissions. ^BP,Cannot edit or reorder tracks in my playlist My Top 2026 Hits on iPhone 15.,Hey! Make sure playlist isn't set to read-only or collaborative mode without edit permissions. ^BP
SPOT-0065,Login & Auth Issue,"@SpotifyCares Can't sign in on iPhone 15, error says Authentication Failed.",Hi! Try clearing app cache and restarting your device. Send us a DM if issue persists! ^NK,"Can't sign in on iPhone 15, error says Authentication Failed.",Hi! Try clearing app cache and restarting your device. Send us a DM if issue persists! ^NK
SPOT-0066,Billing & Refund Request,@SpotifyCares Charged $19.99 on my card for Spotify but I don't have an active subscription.,Hi! DM us the charge details and transaction date so we can track down the account responsible. ^BP,Charged $19.99 on my card for Spotify but I don't have an active subscription.,Hi! DM us the charge details and transaction date so we can track down the account responsible. ^BP
SPOT-0067,Playlist & Library Issues,@SpotifyCares Cannot edit or reorder tracks in my playlist Roadtrip Songs on Windows 11.,Hey! Make sure playlist isn't set to read-only or collaborative mode without edit permissions. ^BP,Cannot edit or reorder tracks in my playlist Roadtrip Songs on Windows 11.,Hey! Make sure playlist isn't set to read-only or collaborative mode without edit permissions. ^BP
SPOT-0068,Playback & Audio Bugs,@SpotifyCares Songs stop playing randomly after 30 seconds on iPhone 15.,Hey! Check background battery optimization settings for Spotify on your device. ^CA,Songs stop playing randomly after 30 seconds on iPhone 15.,Hey! Check background battery optimization settings for Spotify on your device. ^CA
SPOT-0069,Account Compromise & Security,@SpotifyCares Got account alert that password was modified on Web Player without my consent.,Hi! Send us a direct message immediately so our security team can secure your account. ^JM,Got account alert that password was modified on Web Player without my consent.,Hi! Send us a direct message immediately so our security team can secure your account. ^JM
SPOT-0070,Billing & Refund Request,@SpotifyCares Charged $10.99 on my card for Spotify but I don't have an active subscription.,Hi! DM us the charge details and transaction date so we can track down the account responsible. ^BP,Charged $10.99 on my card for Spotify but I don't have an active subscription.,Hi! DM us the charge details and transaction date so we can track down the account responsible. ^BP
SPOT-0071,Billing & Refund Request,@SpotifyCares Charged $16.99 on my card for Spotify but I don't have an active subscription.,Hi! DM us the charge details and transaction date so we can track down the account responsible. ^BP,Charged $16.99 on my card for Spotify but I don't have an active subscription.,Hi! DM us the charge details and transaction date so we can track down the account responsible. ^BP
SPOT-0072,Billing & Refund Request,@SpotifyCares Charged $19.99 on my card for Spotify but I don't have an active subscription.,Hi! DM us the charge details and transaction date so we can track down the account responsible. ^BP,Charged $19.99 on my card for Spotify but I don't have an active subscription.,Hi! DM us the charge details and transaction date so we can track down the account responsible. ^BP
SPOT-0073,Subscription & Premium,@SpotifyCares Want to switch my plan from Individual to Family. How does billing work?,Hey! You can change your plan under account overview. Any unused time will be prorated! ^JM,Want to switch my plan from Individual to Family. How does billing work?,Hey! You can change your plan under account overview. Any unused time will be prorated! ^JM
SPOT-0074,Billing & Refund Request,@SpotifyCares Charged $19.99 on my card for Spotify but I don't have an active subscription.,Hi! DM us the charge details and transaction date so we can track down the account responsible. ^BP,Charged $19.99 on my card for Spotify but I don't have an active subscription.,Hi! DM us the charge details and transaction date so we can track down the account responsible. ^BP
SPOT-0075,Login & Auth Issue,"@SpotifyCares Can't sign in on Windows 11, error says Session Expired.",Hi! Try clearing app cache and restarting your device. Send us a DM if issue persists! ^NK,"Can't sign in on Windows 11, error says Session Expired.",Hi! Try clearing app cache and restarting your device. Send us a DM if issue persists! ^NK
SPOT-0076,App Crash & Performance,@SpotifyCares Spotify app keeps crashing when loading Artist Page on iPhone 15.,Hi! Perform a clean reinstall of the app to clear corrupted cache. ^NK,Spotify app keeps crashing when loading Artist Page on iPhone 15.,Hi! Perform a clean reinstall of the app to clear corrupted cache. ^NK
SPOT-0077,Playback & Audio Bugs,@SpotifyCares Songs stop playing randomly after 30 seconds on Android 14.,Hey! Check background battery optimization settings for Spotify on your device. ^CA,Songs stop playing randomly after 30 seconds on Android 14.,Hey! Check background battery optimization settings for Spotify on your device. ^CA
SPOT-0078,General Query & Feature Request,@SpotifyCares Is Canvas Animations available in my region yet?,Hi! Keep an eye on our official newsroom updates for feature availability in your region! ^CA,Is Canvas Animations available in my region yet?,Hi! Keep an eye on our official newsroom updates for feature availability in your region! ^CA
SPOT-0079,Billing & Refund Request,@SpotifyCares Charged $16.99 on my card for Spotify but I don't have an active subscription.,Hi! DM us the charge details and transaction date so we can track down the account responsible. ^BP,Charged $16.99 on my card for Spotify but I don't have an active subscription.,Hi! DM us the charge details and transaction date so we can track down the account responsible. ^BP
SPOT-0080,Account Compromise & Security,@SpotifyCares Got account alert that password was modified on Android 14 without my consent.,Hi! Send us a direct message immediately so our security team can secure your account. ^JM,Got account alert that password was modified on Android 14 without my consent.,Hi! Send us a direct message immediately so our security team can secure your account. ^JM
SPOT-0081,General Query & Feature Request,@SpotifyCares Is DJ AI Feature available in my region yet?,Hi! Keep an eye on our official newsroom updates for feature availability in your region! ^CA,Is DJ AI Feature available in my region yet?,Hi! Keep an eye on our official newsroom updates for feature availability in your region! ^CA
SPOT-0082,Playback & Audio Bugs,@SpotifyCares Songs stop playing randomly after 1 minute on Apple Watch.,Hey! Check background battery optimization settings for Spotify on your device. ^CA,Songs stop playing randomly after 1 minute on Apple Watch.,Hey! Check background battery optimization settings for Spotify on your device. ^CA
SPOT-0083,App Crash & Performance,@SpotifyCares Spotify app keeps crashing when loading Search Screen on Web Player.,Hi! Perform a clean reinstall of the app to clear corrupted cache. ^NK,Spotify app keeps crashing when loading Search Screen on Web Player.,Hi! Perform a clean reinstall of the app to clear corrupted cache. ^NK
SPOT-0084,Playback & Audio Bugs,@SpotifyCares Songs stop playing randomly after every song transition on iPad Air.,Hey! Check background battery optimization settings for Spotify on your device. ^CA,Songs stop playing randomly after every song transition on iPad Air.,Hey! Check background battery optimization settings for Spotify on your device. ^CA
SPOT-0085,General Query & Feature Request,@SpotifyCares Is DJ AI Feature available in my region yet?,Hi! Keep an eye on our official newsroom updates for feature availability in your region! ^CA,Is DJ AI Feature available in my region yet?,Hi! Keep an eye on our official newsroom updates for feature availability in your region! ^CA
SPOT-0086,Account Compromise & Security,@SpotifyCares Got account alert that password was modified on iPhone 15 without my consent.,Hi! Send us a direct message immediately so our security team can secure your account. ^JM,Got account alert that password was modified on iPhone 15 without my consent.,Hi! Send us a direct message immediately so our security team can secure your account. ^JM
SPOT-0087,General Query & Feature Request,@SpotifyCares Is Canvas Animations available in my region yet?,Hi! Keep an eye on our official newsroom updates for feature availability in your region! ^CA,Is Canvas Animations available in my region yet?,Hi! Keep an eye on our official newsroom updates for feature availability in your region! ^CA
SPOT-0088,Subscription & Premium,@SpotifyCares Want to switch my plan from Individual to Family. How does billing work?,Hey! You can change your plan under account overview. Any unused time will be prorated! ^JM,Want to switch my plan from Individual to Family. How does billing work?,Hey! You can change your plan under account overview. Any unused time will be prorated! ^JM
SPOT-0089,Login & Auth Issue,"@SpotifyCares Can't sign in on Windows 11, error says Network Timeout.",Hi! Try clearing app cache and restarting your device. Send us a DM if issue persists! ^NK,"Can't sign in on Windows 11, error says Network Timeout.",Hi! Try clearing app cache and restarting your device. Send us a DM if issue persists! ^NK
SPOT-0090,Billing & Refund Request,@SpotifyCares Charged $16.99 on my card for Spotify but I don't have an active subscription.,Hi! DM us the charge details and transaction date so we can track down the account responsible. ^BP,Charged $16.99 on my card for Spotify but I don't have an active subscription.,Hi! DM us the charge details and transaction date so we can track down the account responsible. ^BP
SPOT-0091,Login & Auth Issue,"@SpotifyCares Can't sign in on iPhone 15, error says Network Timeout.",Hi! Try clearing app cache and restarting your device. Send us a DM if issue persists! ^NK,"Can't sign in on iPhone 15, error says Network Timeout.",Hi! Try clearing app cache and restarting your device. Send us a DM if issue persists! ^NK
SPOT-0092,Subscription & Premium,@SpotifyCares Want to switch my plan from Individual to Family. How does billing work?,Hey! You can change your plan under account overview. Any unused time will be prorated! ^JM,Want to switch my plan from Individual to Family. How does billing work?,Hey! You can change your plan under account overview. Any unused time will be prorated! ^JM
SPOT-0093,App Crash & Performance,@SpotifyCares Spotify app keeps crashing when loading Search Screen on iPad Air.,Hi! Perform a clean reinstall of the app to clear corrupted cache. ^NK,Spotify app keeps crashing when loading Search Screen on iPad Air.,Hi! Perform a clean reinstall of the app to clear corrupted cache. ^NK
SPOT-0094,General Query & Feature Request,@SpotifyCares Is Audiobook streaming available in my region yet?,Hi! Keep an eye on our official newsroom updates for feature availability in your region! ^CA,Is Audiobook streaming available in my region yet?,Hi! Keep an eye on our official newsroom updates for feature availability in your region! ^CA
SPOT-0095,General Query & Feature Request,@SpotifyCares Is Audiobook streaming available in my region yet?,Hi! Keep an eye on our official newsroom updates for feature availability in your region! ^CA,Is Audiobook streaming available in my region yet?,Hi! Keep an eye on our official newsroom updates for feature availability in your region! ^CA
SPOT-0096,Account Compromise & Security,@SpotifyCares Got account alert that password was modified on iPad Air without my consent.,Hi! Send us a direct message immediately so our security team can secure your account. ^JM,Got account alert that password was modified on iPad Air without my consent.,Hi! Send us a direct message immediately so our security team can secure your account. ^JM
SPOT-0097,Subscription & Premium,@SpotifyCares Want to switch my plan from Individual to Family. How does billing work?,Hey! You can change your plan under account overview. Any unused time will be prorated! ^JM,Want to switch my plan from Individual to Family. How does billing work?,Hey! You can change your plan under account overview. Any unused time will be prorated! ^JM
SPOT-0098,General Query & Feature Request,@SpotifyCares Is Hi-Res Audio available in my region yet?,Hi! Keep an eye on our official newsroom updates for feature availability in your region! ^CA,Is Hi-Res Audio available in my region yet?,Hi! Keep an eye on our official newsroom updates for feature availability in your region! ^CA
SPOT-0099,General Query & Feature Request,@SpotifyCares Is Audiobook streaming available in my region yet?,Hi! Keep an eye on our official newsroom updates for feature availability in your region! ^CA,Is Audiobook streaming available in my region yet?,Hi! Keep an eye on our official newsroom updates for feature availability in your region! ^CA
SPOT-0100,Playlist & Library Issues,@SpotifyCares Cannot edit or reorder tracks in my playlist Roadtrip Songs on Android 14.,Hey! Make sure playlist isn't set to read-only or collaborative mode without edit permissions. ^BP,Cannot edit or reorder tracks in my playlist Roadtrip Songs on Android 14.,Hey! Make sure playlist isn't set to read-only or collaborative mode without edit permissions. ^BP
SPOT-0101,Playlist & Library Issues,@SpotifyCares Cannot edit or reorder tracks in my playlist Chill Vibes on Windows 11.,Hey! Make sure playlist isn't set to read-only or collaborative mode without edit permissions. ^BP,Cannot edit or reorder tracks in my playlist Chill Vibes on Windows 11.,Hey! Make sure playlist isn't set to read-only or collaborative mode without edit permissions. ^BP
SPOT-0102,Account Compromise & Security,@SpotifyCares Got account alert that password was modified on Web Player without my consent.,Hi! Send us a direct message immediately so our security team can secure your account. ^JM,Got account alert that password was modified on Web Player without my consent.,Hi! Send us a direct message immediately so our security team can secure your account. ^JM
SPOT-0103,Subscription & Premium,@SpotifyCares Want to switch my plan from Individual to Family. How does billing work?,Hey! You can change your plan under account overview. Any unused time will be prorated! ^JM,Want to switch my plan from Individual to Family. How does billing work?,Hey! You can change your plan under account overview. Any unused time will be prorated! ^JM
SPOT-0104,General Query & Feature Request,@SpotifyCares Is Canvas Animations available in my region yet?,Hi! Keep an eye on our official newsroom updates for feature availability in your region! ^CA,Is Canvas Animations available in my region yet?,Hi! Keep an eye on our official newsroom updates for feature availability in your region! ^CA
SPOT-0105,Billing & Refund Request,@SpotifyCares Charged $10.99 on my card for Spotify but I don't have an active subscription.,Hi! DM us the charge details and transaction date so we can track down the account responsible. ^BP,Charged $10.99 on my card for Spotify but I don't have an active subscription.,Hi! DM us the charge details and transaction date so we can track down the account responsible. ^BP
SPOT-0106,Playback & Audio Bugs,@SpotifyCares Songs stop playing randomly after 1 minute on Web Player.,Hey! Check background battery optimization settings for Spotify on your device. ^CA,Songs stop playing randomly after 1 minute on Web Player.,Hey! Check background battery optimization settings for Spotify on your device. ^CA
SPOT-0107,Billing & Refund Request,@SpotifyCares Charged $19.99 on my card for Spotify but I don't have an active subscription.,Hi! DM us the charge details and transaction date so we can track down the account responsible. ^BP,Charged $19.99 on my card for Spotify but I don't have an active subscription.,Hi! DM us the charge details and transaction date so we can track down the account responsible. ^BP
SPOT-0108,Account Compromise & Security,@SpotifyCares Got account alert that password was modified on iPhone 15 without my consent.,Hi! Send us a direct message immediately so our security team can secure your account. ^JM,Got account alert that password was modified on iPhone 15 without my consent.,Hi! Send us a direct message immediately so our security team can secure your account. ^JM
SPOT-0109,Billing & Refund Request,@SpotifyCares Charged $10.99 on my card for Spotify but I don't have an active subscription.,Hi! DM us the charge details and transaction date so we can track down the account responsible. ^BP,Charged $10.99 on my card for Spotify but I don't have an active subscription.,Hi! DM us the charge details and transaction date so we can track down the account responsible. ^BP
SPOT-0110,App Crash & Performance,@SpotifyCares Spotify app keeps crashing when loading Liked Songs on Android 14.,Hi! Perform a clean reinstall of the app to clear corrupted cache. ^NK,Spotify app keeps crashing when loading Liked Songs on Android 14.,Hi! Perform a clean reinstall of the app to clear corrupted cache. ^NK
SPOT-0111,General Query & Feature Request,@SpotifyCares Is Canvas Animations available in my region yet?,Hi! Keep an eye on our official newsroom updates for feature availability in your region! ^CA,Is Canvas Animations available in my region yet?,Hi! Keep an eye on our official newsroom updates for feature availability in your region! ^CA
SPOT-0112,Login & Auth Issue,"@SpotifyCares Can't sign in on Apple Watch, error says Error 404.",Hi! Try clearing app cache and restarting your device. Send us a DM if issue persists! ^NK,"Can't sign in on Apple Watch, error says Error 404.",Hi! Try clearing app cache and restarting your device. Send us a DM if issue persists! ^NK
SPOT-0113,Billing & Refund Request,@SpotifyCares Charged $10.99 on my card for Spotify but I don't have an active subscription.,Hi! DM us the charge details and transaction date so we can track down the account responsible. ^BP,Charged $10.99 on my card for Spotify but I don't have an active subscription.,Hi! DM us the charge details and transaction date so we can track down the account responsible. ^BP
SPOT-0114,Playback & Audio Bugs,@SpotifyCares Songs stop playing randomly after every song transition on Apple Watch.,Hey! Check background battery optimization settings for Spotify on your device. ^CA,Songs stop playing randomly after every song transition on Apple Watch.,Hey! Check background battery optimization settings for Spotify on your device. ^CA
SPOT-0115,Billing & Refund Request,@SpotifyCares Charged $10.99 on my card for Spotify but I don't have an active subscription.,Hi! DM us the charge details and transaction date so we can track down the account responsible. ^BP,Charged $10.99 on my card for Spotify but I don't have an active subscription.,Hi! DM us the charge details and transaction date so we can track down the account responsible. ^BP
SPOT-0116,Playlist & Library Issues,@SpotifyCares Cannot edit or reorder tracks in my playlist Workout Mix on Web Player.,Hey! Make sure playlist isn't set to read-only or collaborative mode without edit permissions. ^BP,Cannot edit or reorder tracks in my playlist Workout Mix on Web Player.,Hey! Make sure playlist isn't set to read-only or collaborative mode without edit permissions. ^BP
SPOT-0117,App Crash & Performance,@SpotifyCares Spotify app keeps crashing when loading Search Screen on MacBook Pro.,Hi! Perform a clean reinstall of the app to clear corrupted cache. ^NK,Spotify app keeps crashing when loading Search Screen on MacBook Pro.,Hi! Perform a clean reinstall of the app to clear corrupted cache. ^NK
SPOT-0118,Subscription & Premium,@SpotifyCares Want to switch my plan from Individual to Family. How does billing work?,Hey! You can change your plan under account overview. Any unused time will be prorated! ^JM,Want to switch my plan from Individual to Family. How does billing work?,Hey! You can change your plan under account overview. Any unused time will be prorated! ^JM
SPOT-0119,General Query & Feature Request,@SpotifyCares Is Audiobook streaming available in my region yet?,Hi! Keep an eye on our official newsroom updates for feature availability in your region! ^CA,Is Audiobook streaming available in my region yet?,Hi! Keep an eye on our official newsroom updates for feature availability in your region! ^CA
SPOT-0120,App Crash & Performance,@SpotifyCares Spotify app keeps crashing when loading Artist Page on Apple Watch.,Hi! Perform a clean reinstall of the app to clear corrupted cache. ^NK,Spotify app keeps crashing when loading Artist Page on Apple Watch.,Hi! Perform a clean reinstall of the app to clear corrupted cache. ^NK
SPOT-0121,Playlist & Library Issues,@SpotifyCares Cannot edit or reorder tracks in my playlist My Top 2026 Hits on Android 14.,Hey! Make sure playlist isn't set to read-only or collaborative mode without edit permissions. ^BP,Cannot edit or reorder tracks in my playlist My Top 2026 Hits on Android 14.,Hey! Make sure playlist isn't set to read-only or collaborative mode without edit permissions. ^BP
SPOT-0122,Account Compromise & Security,@SpotifyCares Got account alert that password was modified on iPad Air without my consent.,Hi! Send us a direct message immediately so our security team can secure your account. ^JM,Got account alert that password was modified on iPad Air without my consent.,Hi! Send us a direct message immediately so our security team can secure your account. ^JM
SPOT-0123,App Crash & Performance,@SpotifyCares Spotify app keeps crashing when loading Search Screen on Web Player.,Hi! Perform a clean reinstall of the app to clear corrupted cache. ^NK,Spotify app keeps crashing when loading Search Screen on Web Player.,Hi! Perform a clean reinstall of the app to clear corrupted cache. ^NK
SPOT-0124,Login & Auth Issue,"@SpotifyCares Can't sign in on MacBook Pro, error says Network Timeout.",Hi! Try clearing app cache and restarting your device. Send us a DM if issue persists! ^NK,"Can't sign in on MacBook Pro, error says Network Timeout.",Hi! Try clearing app cache and restarting your device. Send us a DM if issue persists! ^NK
SPOT-0125,General Query & Feature Request,@SpotifyCares Is Audiobook streaming available in my region yet?,Hi! Keep an eye on our official newsroom updates for feature availability in your region! ^CA,Is Audiobook streaming available in my region yet?,Hi! Keep an eye on our official newsroom updates for feature availability in your region! ^CA
SPOT-0126,Playlist & Library Issues,@SpotifyCares Cannot edit or reorder tracks in my playlist Workout Mix on Web Player.,Hey! Make sure playlist isn't set to read-only or collaborative mode without edit permissions. ^BP,Cannot edit or reorder tracks in my playlist Workout Mix on Web Player.,Hey! Make sure playlist isn't set to read-only or collaborative mode without edit permissions. ^BP
SPOT-0127,Playback & Audio Bugs,@SpotifyCares Songs stop playing randomly after 30 seconds on Android 14.,Hey! Check background battery optimization settings for Spotify on your device. ^CA,Songs stop playing randomly after 30 seconds on Android 14.,Hey! Check background battery optimization settings for Spotify on your device. ^CA
SPOT-0128,Login & Auth Issue,"@SpotifyCares Can't sign in on Web Player, error says Offline Mode Stuck.",Hi! Try clearing app cache and restarting your device. Send us a DM if issue persists! ^NK,"Can't sign in on Web Player, error says Offline Mode Stuck.",Hi! Try clearing app cache and restarting your device. Send us a DM if issue persists! ^NK
SPOT-0129,General Query & Feature Request,@SpotifyCares Is Hi-Res Audio available in my region yet?,Hi! Keep an eye on our official newsroom updates for feature availability in your region! ^CA,Is Hi-Res Audio available in my region yet?,Hi! Keep an eye on our official newsroom updates for feature availability in your region! ^CA
SPOT-0130,General Query & Feature Request,@SpotifyCares Is DJ AI Feature available in my region yet?,Hi! Keep an eye on our official newsroom updates for feature availability in your region! ^CA,Is DJ AI Feature available in my region yet?,Hi! Keep an eye on our official newsroom updates for feature availability in your region! ^CA
SPOT-0131,Billing & Refund Request,@SpotifyCares Charged $10.99 on my card for Spotify but I don't have an active subscription.,Hi! DM us the charge details and transaction date so we can track down the account responsible. ^BP,Charged $10.99 on my card for Spotify but I don't have an active subscription.,Hi! DM us the charge details and transaction date so we can track down the account responsible. ^BP
SPOT-0132,General Query & Feature Request,@SpotifyCares Is Canvas Animations available in my region yet?,Hi! Keep an eye on our official newsroom updates for feature availability in your region! ^CA,Is Canvas Animations available in my region yet?,Hi! Keep an eye on our official newsroom updates for feature availability in your region! ^CA
SPOT-0133,General Query & Feature Request,@SpotifyCares Is Audiobook streaming available in my region yet?,Hi! Keep an eye on our official newsroom updates for feature availability in your region! ^CA,Is Audiobook streaming available in my region yet?,Hi! Keep an eye on our official newsroom updates for feature availability in your region! ^CA
SPOT-0134,App Crash & Performance,@SpotifyCares Spotify app keeps crashing when loading Artist Page on iPad Air.,Hi! Perform a clean reinstall of the app to clear corrupted cache. ^NK,Spotify app keeps crashing when loading Artist Page on iPad Air.,Hi! Perform a clean reinstall of the app to clear corrupted cache. ^NK
SPOT-0135,Billing & Refund Request,@SpotifyCares Charged $10.99 on my card for Spotify but I don't have an active subscription.,Hi! DM us the charge details and transaction date so we can track down the account responsible. ^BP,Charged $10.99 on my card for Spotify but I don't have an active subscription.,Hi! DM us the charge details and transaction date so we can track down the account responsible. ^BP
SPOT-0136,App Crash & Performance,@SpotifyCares Spotify app keeps crashing when loading Liked Songs on Android 14.,Hi! Perform a clean reinstall of the app to clear corrupted cache. ^NK,Spotify app keeps crashing when loading Liked Songs on Android 14.,Hi! Perform a clean reinstall of the app to clear corrupted cache. ^NK
SPOT-0137,Playlist & Library Issues,@SpotifyCares Cannot edit or reorder tracks in my playlist Chill Vibes on Apple Watch.,Hey! Make sure playlist isn't set to read-only or collaborative mode without edit permissions. ^BP,Cannot edit or reorder tracks in my playlist Chill Vibes on Apple Watch.,Hey! Make sure playlist isn't set to read-only or collaborative mode without edit permissions. ^BP
SPOT-0138,App Crash & Performance,@SpotifyCares Spotify app keeps crashing when loading Home Tab on iPad Air.,Hi! Perform a clean reinstall of the app to clear corrupted cache. ^NK,Spotify app keeps crashing when loading Home Tab on iPad Air.,Hi! Perform a clean reinstall of the app to clear corrupted cache. ^NK
SPOT-0139,App Crash & Performance,@SpotifyCares Spotify app keeps crashing when loading Liked Songs on Apple Watch.,Hi! Perform a clean reinstall of the app to clear corrupted cache. ^NK,Spotify app keeps crashing when loading Liked Songs on Apple Watch.,Hi! Perform a clean reinstall of the app to clear corrupted cache. ^NK
SPOT-0140,Account Compromise & Security,@SpotifyCares Got account alert that password was modified on Android 14 without my consent.,Hi! Send us a direct message immediately so our security team can secure your account. ^JM,Got account alert that password was modified on Android 14 without my consent.,Hi! Send us a direct message immediately so our security team can secure your account. ^JM
SPOT-0141,Subscription & Premium,@SpotifyCares Want to switch my plan from Free to Individual Premium. How does billing work?,Hey! You can change your plan under account overview. Any unused time will be prorated! ^JM,Want to switch my plan from Free to Individual Premium. How does billing work?,Hey! You can change your plan under account overview. Any unused time will be prorated! ^JM
SPOT-0142,Account Compromise & Security,@SpotifyCares Got account alert that password was modified on Apple Watch without my consent.,Hi! Send us a direct message immediately so our security team can secure your account. ^JM,Got account alert that password was modified on Apple Watch without my consent.,Hi! Send us a direct message immediately so our security team can secure your account. ^JM
SPOT-0143,App Crash & Performance,@SpotifyCares Spotify app keeps crashing when loading Home Tab on Web Player.,Hi! Perform a clean reinstall of the app to clear corrupted cache. ^NK,Spotify app keeps crashing when loading Home Tab on Web Player.,Hi! Perform a clean reinstall of the app to clear corrupted cache. ^NK
SPOT-0144,Subscription & Premium,@SpotifyCares Want to switch my plan from Student to Duo. How does billing work?,Hey! You can change your plan under account overview. Any unused time will be prorated! ^JM,Want to switch my plan from Student to Duo. How does billing work?,Hey! You can change your plan under account overview. Any unused time will be prorated! ^JM
SPOT-0145,Playlist & Library Issues,@SpotifyCares Cannot edit or reorder tracks in my playlist Workout Mix on iPhone 15.,Hey! Make sure playlist isn't set to read-only or collaborative mode without edit permissions. ^BP,Cannot edit or reorder tracks in my playlist Workout Mix on iPhone 15.,Hey! Make sure playlist isn't set to read-only or collaborative mode without edit permissions. ^BP
SPOT-0146,Account Compromise & Security,@SpotifyCares Got account alert that password was modified on iPad Air without my consent.,Hi! Send us a direct message immediately so our security team can secure your account. ^JM,Got account alert that password was modified on iPad Air without my consent.,Hi! Send us a direct message immediately so our security team can secure your account. ^JM
SPOT-0147,General Query & Feature Request,@SpotifyCares Is Audiobook streaming available in my region yet?,Hi! Keep an eye on our official newsroom updates for feature availability in your region! ^CA,Is Audiobook streaming available in my region yet?,Hi! Keep an eye on our official newsroom updates for feature availability in your region! ^CA
SPOT-0148,Subscription & Premium,@SpotifyCares Want to switch my plan from Free to Individual Premium. How does billing work?,Hey! You can change your plan under account overview. Any unused time will be prorated! ^JM,Want to switch my plan from Free to Individual Premium. How does billing work?,Hey! You can change your plan under account overview. Any unused time will be prorated! ^JM
SPOT-0149,Playlist & Library Issues,@SpotifyCares Cannot edit or reorder tracks in my playlist Roadtrip Songs on iPad Air.,Hey! Make sure playlist isn't set to read-only or collaborative mode without edit permissions. ^BP,Cannot edit or reorder tracks in my playlist Roadtrip Songs on iPad Air.,Hey! Make sure playlist isn't set to read-only or collaborative mode without edit permissions. ^BP
SPOT-0150,Billing & Refund Request,@SpotifyCares Charged $16.99 on my card for Spotify but I don't have an active subscription.,Hi! DM us the charge details and transaction date so we can track down the account responsible. ^BP,Charged $16.99 on my card for Spotify but I don't have an active subscription.,Hi! DM us the charge details and transaction date so we can track down the account responsible. ^BP
SPOT-0151,Subscription & Premium,@SpotifyCares Want to switch my plan from Individual to Family. How does billing work?,Hey! You can change your plan under account overview. Any unused time will be prorated! ^JM,Want to switch my plan from Individual to Family. How does billing work?,Hey! You can change your plan under account overview. Any unused time will be prorated! ^JM
SPOT-0152,Login & Auth Issue,"@SpotifyCares Can't sign in on Windows 11, error says Authentication Failed.",Hi! Try clearing app cache and restarting your device. Send us a DM if issue persists! ^NK,"Can't sign in on Windows 11, error says Authentication Failed.",Hi! Try clearing app cache and restarting your device. Send us a DM if issue persists! ^NK
SPOT-0153,Billing & Refund Request,@SpotifyCares Charged $5.99 on my card for Spotify but I don't have an active subscription.,Hi! DM us the charge details and transaction date so we can track down the account responsible. ^BP,Charged $5.99 on my card for Spotify but I don't have an active subscription.,Hi! DM us the charge details and transaction date so we can track down the account responsible. ^BP
SPOT-0154,Account Compromise & Security,@SpotifyCares Got account alert that password was modified on MacBook Pro without my consent.,Hi! Send us a direct message immediately so our security team can secure your account. ^JM,Got account alert that password was modified on MacBook Pro without my consent.,Hi! Send us a direct message immediately so our security team can secure your account. ^JM
SPOT-0155,App Crash & Performance,@SpotifyCares Spotify app keeps crashing when loading Liked Songs on Windows 11.,Hi! Perform a clean reinstall of the app to clear corrupted cache. ^NK,Spotify app keeps crashing when loading Liked Songs on Windows 11.,Hi! Perform a clean reinstall of the app to clear corrupted cache. ^NK
SPOT-0156,Billing & Refund Request,@SpotifyCares Charged $5.99 on my card for Spotify but I don't have an active subscription.,Hi! DM us the charge details and transaction date so we can track down the account responsible. ^BP,Charged $5.99 on my card for Spotify but I don't have an active subscription.,Hi! DM us the charge details and transaction date so we can track down the account responsible. ^BP
SPOT-0157,App Crash & Performance,@SpotifyCares Spotify app keeps crashing when loading Search Screen on iPhone 15.,Hi! Perform a clean reinstall of the app to clear corrupted cache. ^NK,Spotify app keeps crashing when loading Search Screen on iPhone 15.,Hi! Perform a clean reinstall of the app to clear corrupted cache. ^NK
SPOT-0158,Playlist & Library Issues,@SpotifyCares Cannot edit or reorder tracks in my playlist Workout Mix on Web Player.,Hey! Make sure playlist isn't set to read-only or collaborative mode without edit permissions. ^BP,Cannot edit or reorder tracks in my playlist Workout Mix on Web Player.,Hey! Make sure playlist isn't set to read-only or collaborative mode without edit permissions. ^BP
SPOT-0159,Subscription & Premium,@SpotifyCares Want to switch my plan from Individual to Family. How does billing work?,Hey! You can change your plan under account overview. Any unused time will be prorated! ^JM,Want to switch my plan from Individual to Family. How does billing work?,Hey! You can change your plan under account overview. Any unused time will be prorated! ^JM
SPOT-0160,Subscription & Premium,@SpotifyCares Want to switch my plan from Individual to Family. How does billing work?,Hey! You can change your plan under account overview. Any unused time will be prorated! ^JM,Want to switch my plan from Individual to Family. How does billing work?,Hey! You can change your plan under account overview. Any unused time will be prorated! ^JM
SPOT-0161,Subscription & Premium,@SpotifyCares Want to switch my plan from Free to Individual Premium. How does billing work?,Hey! You can change your plan under account overview. Any unused time will be prorated! ^JM,Want to switch my plan from Free to Individual Premium. How does billing work?,Hey! You can change your plan under account overview. Any unused time will be prorated! ^JM
SPOT-0162,Subscription & Premium,@SpotifyCares Want to switch my plan from Free to Individual Premium. How does billing work?,Hey! You can change your plan under account overview. Any unused time will be prorated! ^JM,Want to switch my plan from Free to Individual Premium. How does billing work?,Hey! You can change your plan under account overview. Any unused time will be prorated! ^JM
SPOT-0163,App Crash & Performance,@SpotifyCares Spotify app keeps crashing when loading Artist Page on Apple Watch.,Hi! Perform a clean reinstall of the app to clear corrupted cache. ^NK,Spotify app keeps crashing when loading Artist Page on Apple Watch.,Hi! Perform a clean reinstall of the app to clear corrupted cache. ^NK
SPOT-0164,Billing & Refund Request,@SpotifyCares Charged $5.99 on my card for Spotify but I don't have an active subscription.,Hi! DM us the charge details and transaction date so we can track down the account responsible. ^BP,Charged $5.99 on my card for Spotify but I don't have an active subscription.,Hi! DM us the charge details and transaction date so we can track down the account responsible. ^BP
SPOT-0165,Playback & Audio Bugs,@SpotifyCares Songs stop playing randomly after every song transition on iPad Air.,Hey! Check background battery optimization settings for Spotify on your device. ^CA,Songs stop playing randomly after every song transition on iPad Air.,Hey! Check background battery optimization settings for Spotify on your device. ^CA
SPOT-0166,Account Compromise & Security,@SpotifyCares Got account alert that password was modified on Apple Watch without my consent.,Hi! Send us a direct message immediately so our security team can secure your account. ^JM,Got account alert that password was modified on Apple Watch without my consent.,Hi! Send us a direct message immediately so our security team can secure your account. ^JM
SPOT-0167,Subscription & Premium,@SpotifyCares Want to switch my plan from Individual to Family. How does billing work?,Hey! You can change your plan under account overview. Any unused time will be prorated! ^JM,Want to switch my plan from Individual to Family. How does billing work?,Hey! You can change your plan under account overview. Any unused time will be prorated! ^JM
SPOT-0168,Playback & Audio Bugs,@SpotifyCares Songs stop playing randomly after every song transition on Android 14.,Hey! Check background battery optimization settings for Spotify on your device. ^CA,Songs stop playing randomly after every song transition on Android 14.,Hey! Check background battery optimization settings for Spotify on your device. ^CA
SPOT-0169,General Query & Feature Request,@SpotifyCares Is Canvas Animations available in my region yet?,Hi! Keep an eye on our official newsroom updates for feature availability in your region! ^CA,Is Canvas Animations available in my region yet?,Hi! Keep an eye on our official newsroom updates for feature availability in your region! ^CA
SPOT-0170,Billing & Refund Request,@SpotifyCares Charged $10.99 on my card for Spotify but I don't have an active subscription.,Hi! DM us the charge details and transaction date so we can track down the account responsible. ^BP,Charged $10.99 on my card for Spotify but I don't have an active subscription.,Hi! DM us the charge details and transaction date so we can track down the account responsible. ^BP
SPOT-0171,App Crash & Performance,@SpotifyCares Spotify app keeps crashing when loading Liked Songs on iPhone 15.,Hi! Perform a clean reinstall of the app to clear corrupted cache. ^NK,Spotify app keeps crashing when loading Liked Songs on iPhone 15.,Hi! Perform a clean reinstall of the app to clear corrupted cache. ^NK
SPOT-0172,Billing & Refund Request,@SpotifyCares Charged $5.99 on my card for Spotify but I don't have an active subscription.,Hi! DM us the charge details and transaction date so we can track down the account responsible. ^BP,Charged $5.99 on my card for Spotify but I don't have an active subscription.,Hi! DM us the charge details and transaction date so we can track down the account responsible. ^BP
SPOT-0173,Playback & Audio Bugs,@SpotifyCares Songs stop playing randomly after 1 minute on iPhone 15.,Hey! Check background battery optimization settings for Spotify on your device. ^CA,Songs stop playing randomly after 1 minute on iPhone 15.,Hey! Check background battery optimization settings for Spotify on your device. ^CA
SPOT-0174,Login & Auth Issue,"@SpotifyCares Can't sign in on Apple Watch, error says Session Expired.",Hi! Try clearing app cache and restarting your device. Send us a DM if issue persists! ^NK,"Can't sign in on Apple Watch, error says Session Expired.",Hi! Try clearing app cache and restarting your device. Send us a DM if issue persists! ^NK
SPOT-0175,Playback & Audio Bugs,@SpotifyCares Songs stop playing randomly after 30 seconds on Apple Watch.,Hey! Check background battery optimization settings for Spotify on your device. ^CA,Songs stop playing randomly after 30 seconds on Apple Watch.,Hey! Check background battery optimization settings for Spotify on your device. ^CA
SPOT-0176,Subscription & Premium,@SpotifyCares Want to switch my plan from Individual to Family. How does billing work?,Hey! You can change your plan under account overview. Any unused time will be prorated! ^JM,Want to switch my plan from Individual to Family. How does billing work?,Hey! You can change your plan under account overview. Any unused time will be prorated! ^JM
SPOT-0177,General Query & Feature Request,@SpotifyCares Is Canvas Animations available in my region yet?,Hi! Keep an eye on our official newsroom updates for feature availability in your region! ^CA,Is Canvas Animations available in my region yet?,Hi! Keep an eye on our official newsroom updates for feature availability in your region! ^CA
SPOT-0178,Login & Auth Issue,"@SpotifyCares Can't sign in on Android 14, error says Error 404.",Hi! Try clearing app cache and restarting your device. Send us a DM if issue persists! ^NK,"Can't sign in on Android 14, error says Error 404.",Hi! Try clearing app cache and restarting your device. Send us a DM if issue persists! ^NK
SPOT-0179,General Query & Feature Request,@SpotifyCares Is DJ AI Feature available in my region yet?,Hi! Keep an eye on our official newsroom updates for feature availability in your region! ^CA,Is DJ AI Feature available in my region yet?,Hi! Keep an eye on our official newsroom updates for feature availability in your region! ^CA
SPOT-0180,Subscription & Premium,@SpotifyCares Want to switch my plan from Individual to Family. How does billing work?,Hey! You can change your plan under account overview. Any unused time will be prorated! ^JM,Want to switch my plan from Individual to Family. How does billing work?,Hey! You can change your plan under account overview. Any unused time will be prorated! ^JM
SPOT-0181,App Crash & Performance,@SpotifyCares Spotify app keeps crashing when loading Search Screen on Apple Watch.,Hi! Perform a clean reinstall of the app to clear corrupted cache. ^NK,Spotify app keeps crashing when loading Search Screen on Apple Watch.,Hi! Perform a clean reinstall of the app to clear corrupted cache. ^NK
SPOT-0182,Account Compromise & Security,@SpotifyCares Got account alert that password was modified on Windows 11 without my consent.,Hi! Send us a direct message immediately so our security team can secure your account. ^JM,Got account alert that password was modified on Windows 11 without my consent.,Hi! Send us a direct message immediately so our security team can secure your account. ^JM
SPOT-0183,Account Compromise & Security,@SpotifyCares Got account alert that password was modified on Web Player without my consent.,Hi! Send us a direct message immediately so our security team can secure your account. ^JM,Got account alert that password was modified on Web Player without my consent.,Hi! Send us a direct message immediately so our security team can secure your account. ^JM
SPOT-0184,App Crash & Performance,@SpotifyCares Spotify app keeps crashing when loading Search Screen on iPad Air.,Hi! Perform a clean reinstall of the app to clear corrupted cache. ^NK,Spotify app keeps crashing when loading Search Screen on iPad Air.,Hi! Perform a clean reinstall of the app to clear corrupted cache. ^NK
SPOT-0185,Playback & Audio Bugs,@SpotifyCares Songs stop playing randomly after 30 seconds on Windows 11.,Hey! Check background battery optimization settings for Spotify on your device. ^CA,Songs stop playing randomly after 30 seconds on Windows 11.,Hey! Check background battery optimization settings for Spotify on your device. ^CA
SPOT-0186,Subscription & Premium,@SpotifyCares Want to switch my plan from Student to Duo. How does billing work?,Hey! You can change your plan under account overview. Any unused time will be prorated! ^JM,Want to switch my plan from Student to Duo. How does billing work?,Hey! You can change your plan under account overview. Any unused time will be prorated! ^JM
SPOT-0187,Subscription & Premium,@SpotifyCares Want to switch my plan from Free to Individual Premium. How does billing work?,Hey! You can change your plan under account overview. Any unused time will be prorated! ^JM,Want to switch my plan from Free to Individual Premium. How does billing work?,Hey! You can change your plan under account overview. Any unused time will be prorated! ^JM
SPOT-0188,General Query & Feature Request,@SpotifyCares Is DJ AI Feature available in my region yet?,Hi! Keep an eye on our official newsroom updates for feature availability in your region! ^CA,Is DJ AI Feature available in my region yet?,Hi! Keep an eye on our official newsroom updates for feature availability in your region! ^CA
SPOT-0189,Playlist & Library Issues,@SpotifyCares Cannot edit or reorder tracks in my playlist Roadtrip Songs on iPhone 15.,Hey! Make sure playlist isn't set to read-only or collaborative mode without edit permissions. ^BP,Cannot edit or reorder tracks in my playlist Roadtrip Songs on iPhone 15.,Hey! Make sure playlist isn't set to read-only or collaborative mode without edit permissions. ^BP
SPOT-0190,Account Compromise & Security,@SpotifyCares Got account alert that password was modified on MacBook Pro without my consent.,Hi! Send us a direct message immediately so our security team can secure your account. ^JM,Got account alert that password was modified on MacBook Pro without my consent.,Hi! Send us a direct message immediately so our security team can secure your account. ^JM
SPOT-0191,Account Compromise & Security,@SpotifyCares Got account alert that password was modified on iPad Air without my consent.,Hi! Send us a direct message immediately so our security team can secure your account. ^JM,Got account alert that password was modified on iPad Air without my consent.,Hi! Send us a direct message immediately so our security team can secure your account. ^JM
SPOT-0192,Playlist & Library Issues,@SpotifyCares Cannot edit or reorder tracks in my playlist My Top 2026 Hits on Web Player.,Hey! Make sure playlist isn't set to read-only or collaborative mode without edit permissions. ^BP,Cannot edit or reorder tracks in my playlist My Top 2026 Hits on Web Player.,Hey! Make sure playlist isn't set to read-only or collaborative mode without edit permissions. ^BP
SPOT-0193,Subscription & Premium,@SpotifyCares Want to switch my plan from Free to Individual Premium. How does billing work?,Hey! You can change your plan under account overview. Any unused time will be prorated! ^JM,Want to switch my plan from Free to Individual Premium. How does billing work?,Hey! You can change your plan under account overview. Any unused time will be prorated! ^JM
SPOT-0194,Subscription & Premium,@SpotifyCares Want to switch my plan from Free to Individual Premium. How does billing work?,Hey! You can change your plan under account overview. Any unused time will be prorated! ^JM,Want to switch my plan from Free to Individual Premium. How does billing work?,Hey! You can change your plan under account overview. Any unused time will be prorated! ^JM
SPOT-0195,Billing & Refund Request,@SpotifyCares Charged $16.99 on my card for Spotify but I don't have an active subscription.,Hi! DM us the charge details and transaction date so we can track down the account responsible. ^BP,Charged $16.99 on my card for Spotify but I don't have an active subscription.,Hi! DM us the charge details and transaction date so we can track down the account responsible. ^BP
SPOT-0196,App Crash & Performance,@SpotifyCares Spotify app keeps crashing when loading Home Tab on Android 14.,Hi! Perform a clean reinstall of the app to clear corrupted cache. ^NK,Spotify app keeps crashing when loading Home Tab on Android 14.,Hi! Perform a clean reinstall of the app to clear corrupted cache. ^NK
SPOT-0197,Subscription & Premium,@SpotifyCares Want to switch my plan from Free to Individual Premium. How does billing work?,Hey! You can change your plan under account overview. Any unused time will be prorated! ^JM,Want to switch my plan from Free to Individual Premium. How does billing work?,Hey! You can change your plan under account overview. Any unused time will be prorated! ^JM
SPOT-0198,Account Compromise & Security,@SpotifyCares Got account alert that password was modified on Windows 11 without my consent.,Hi! Send us a direct message immediately so our security team can secure your account. ^JM,Got account alert that password was modified on Windows 11 without my consent.,Hi! Send us a direct message immediately so our security team can secure your account. ^JM
SPOT-0199,Playlist & Library Issues,@SpotifyCares Cannot edit or reorder tracks in my playlist My Top 2026 Hits on MacBook Pro.,Hey! Make sure playlist isn't set to read-only or collaborative mode without edit permissions. ^BP,Cannot edit or reorder tracks in my playlist My Top 2026 Hits on MacBook Pro.,Hey! Make sure playlist isn't set to read-only or collaborative mode without edit permissions. ^BP
SPOT-0200,App Crash & Performance,@SpotifyCares Spotify app keeps crashing when loading Search Screen on Apple Watch.,Hi! Perform a clean reinstall of the app to clear corrupted cache. ^NK,Spotify app keeps crashing when loading Search Screen on Apple Watch.,Hi! Perform a clean reinstall of the app to clear corrupted cache. ^NK
SPOT-0201,Subscription & Premium,@SpotifyCares Want to switch my plan from Individual to Family. How does billing work?,Hey! You can change your plan under account overview. Any unused time will be prorated! ^JM,Want to switch my plan from Individual to Family. How does billing work?,Hey! You can change your plan under account overview. Any unused time will be prorated! ^JM
SPOT-0202,Playback & Audio Bugs,@SpotifyCares Songs stop playing randomly after every song transition on Android 14.,Hey! Check background battery optimization settings for Spotify on your device. ^CA,Songs stop playing randomly after every song transition on Android 14.,Hey! Check background battery optimization settings for Spotify on your device. ^CA
SPOT-0203,Billing & Refund Request,@SpotifyCares Charged $5.99 on my card for Spotify but I don't have an active subscription.,Hi! DM us the charge details and transaction date so we can track down the account responsible. ^BP,Charged $5.99 on my card for Spotify but I don't have an active subscription.,Hi! DM us the charge details and transaction date so we can track down the account responsible. ^BP
SPOT-0204,Playlist & Library Issues,@SpotifyCares Cannot edit or reorder tracks in my playlist Workout Mix on Web Player.,Hey! Make sure playlist isn't set to read-only or collaborative mode without edit permissions. ^BP,Cannot edit or reorder tracks in my playlist Workout Mix on Web Player.,Hey! Make sure playlist isn't set to read-only or collaborative mode without edit permissions. ^BP
SPOT-0205,Playlist & Library Issues,@SpotifyCares Cannot edit or reorder tracks in my playlist My Top 2026 Hits on Web Player.,Hey! Make sure playlist isn't set to read-only or collaborative mode without edit permissions. ^BP,Cannot edit or reorder tracks in my playlist My Top 2026 Hits on Web Player.,Hey! Make sure playlist isn't set to read-only or collaborative mode without edit permissions. ^BP
SPOT-0206,Playlist & Library Issues,@SpotifyCares Cannot edit or reorder tracks in my playlist Roadtrip Songs on iPhone 15.,Hey! Make sure playlist isn't set to read-only or collaborative mode without edit permissions. ^BP,Cannot edit or reorder tracks in my playlist Roadtrip Songs on iPhone 15.,Hey! Make sure playlist isn't set to read-only or collaborative mode without edit permissions. ^BP
SPOT-0207,Playback & Audio Bugs,@SpotifyCares Songs stop playing randomly after every song transition on Web Player.,Hey! Check background battery optimization settings for Spotify on your device. ^CA,Songs stop playing randomly after every song transition on Web Player.,Hey! Check background battery optimization settings for Spotify on your device. ^CA
SPOT-0208,Subscription & Premium,@SpotifyCares Want to switch my plan from Free to Individual Premium. How does billing work?,Hey! You can change your plan under account overview. Any unused time will be prorated! ^JM,Want to switch my plan from Free to Individual Premium. How does billing work?,Hey! You can change your plan under account overview. Any unused time will be prorated! ^JM
SPOT-0209,Playback & Audio Bugs,@SpotifyCares Songs stop playing randomly after 30 seconds on Web Player.,Hey! Check background battery optimization settings for Spotify on your device. ^CA,Songs stop playing randomly after 30 seconds on Web Player.,Hey! Check background battery optimization settings for Spotify on your device. ^CA
SPOT-0210,Billing & Refund Request,@SpotifyCares Charged $5.99 on my card for Spotify but I don't have an active subscription.,Hi! DM us the charge details and transaction date so we can track down the account responsible. ^BP,Charged $5.99 on my card for Spotify but I don't have an active subscription.,Hi! DM us the charge details and transaction date so we can track down the account responsible. ^BP
SPOT-0211,App Crash & Performance,@SpotifyCares Spotify app keeps crashing when loading Artist Page on Apple Watch.,Hi! Perform a clean reinstall of the app to clear corrupted cache. ^NK,Spotify app keeps crashing when loading Artist Page on Apple Watch.,Hi! Perform a clean reinstall of the app to clear corrupted cache. ^NK
SPOT-0212,Playback & Audio Bugs,@SpotifyCares Songs stop playing randomly after every song transition on Android 14.,Hey! Check background battery optimization settings for Spotify on your device. ^CA,Songs stop playing randomly after every song transition on Android 14.,Hey! Check background battery optimization settings for Spotify on your device. ^CA
SPOT-0213,General Query & Feature Request,@SpotifyCares Is Hi-Res Audio available in my region yet?,Hi! Keep an eye on our official newsroom updates for feature availability in your region! ^CA,Is Hi-Res Audio available in my region yet?,Hi! Keep an eye on our official newsroom updates for feature availability in your region! ^CA
SPOT-0214,App Crash & Performance,@SpotifyCares Spotify app keeps crashing when loading Home Tab on Android 14.,Hi! Perform a clean reinstall of the app to clear corrupted cache. ^NK,Spotify app keeps crashing when loading Home Tab on Android 14.,Hi! Perform a clean reinstall of the app to clear corrupted cache. ^NK
SPOT-0215,Subscription & Premium,@SpotifyCares Want to switch my plan from Student to Duo. How does billing work?,Hey! You can change your plan under account overview. Any unused time will be prorated! ^JM,Want to switch my plan from Student to Duo. How does billing work?,Hey! You can change your plan under account overview. Any unused time will be prorated! ^JM
SPOT-0216,General Query & Feature Request,@SpotifyCares Is Audiobook streaming available in my region yet?,Hi! Keep an eye on our official newsroom updates for feature availability in your region! ^CA,Is Audiobook streaming available in my region yet?,Hi! Keep an eye on our official newsroom updates for feature availability in your region! ^CA
SPOT-0217,Account Compromise & Security,@SpotifyCares Got account alert that password was modified on iPhone 15 without my consent.,Hi! Send us a direct message immediately so our security team can secure your account. ^JM,Got account alert that password was modified on iPhone 15 without my consent.,Hi! Send us a direct message immediately so our security team can secure your account. ^JM
SPOT-0218,Login & Auth Issue,"@SpotifyCares Can't sign in on iPad Air, error says Offline Mode Stuck.",Hi! Try clearing app cache and restarting your device. Send us a DM if issue persists! ^NK,"Can't sign in on iPad Air, error says Offline Mode Stuck.",Hi! Try clearing app cache and restarting your device. Send us a DM if issue persists! ^NK
SPOT-0219,Subscription & Premium,@SpotifyCares Want to switch my plan from Student to Duo. How does billing work?,Hey! You can change your plan under account overview. Any unused time will be prorated! ^JM,Want to switch my plan from Student to Duo. How does billing work?,Hey! You can change your plan under account overview. Any unused time will be prorated! ^JM
SPOT-0220,Subscription & Premium,@SpotifyCares Want to switch my plan from Individual to Family. How does billing work?,Hey! You can change your plan under account overview. Any unused time will be prorated! ^JM,Want to switch my plan from Individual to Family. How does billing work?,Hey! You can change your plan under account overview. Any unused time will be prorated! ^JM
SPOT-0221,App Crash & Performance,@SpotifyCares Spotify app keeps crashing when loading Search Screen on Web Player.,Hi! Perform a clean reinstall of the app to clear corrupted cache. ^NK,Spotify app keeps crashing when loading Search Screen on Web Player.,Hi! Perform a clean reinstall of the app to clear corrupted cache. ^NK
SPOT-0222,Billing & Refund Request,@SpotifyCares Charged $5.99 on my card for Spotify but I don't have an active subscription.,Hi! DM us the charge details and transaction date so we can track down the account responsible. ^BP,Charged $5.99 on my card for Spotify but I don't have an active subscription.,Hi! DM us the charge details and transaction date so we can track down the account responsible. ^BP
SPOT-0223,Login & Auth Issue,"@SpotifyCares Can't sign in on iPhone 15, error says Session Expired.",Hi! Try clearing app cache and restarting your device. Send us a DM if issue persists! ^NK,"Can't sign in on iPhone 15, error says Session Expired.",Hi! Try clearing app cache and restarting your device. Send us a DM if issue persists! ^NK
SPOT-0224,Login & Auth Issue,"@SpotifyCares Can't sign in on Apple Watch, error says Offline Mode Stuck.",Hi! Try clearing app cache and restarting your device. Send us a DM if issue persists! ^NK,"Can't sign in on Apple Watch, error says Offline Mode Stuck.",Hi! Try clearing app cache and restarting your device. Send us a DM if issue persists! ^NK
SPOT-0225,App Crash & Performance,@SpotifyCares Spotify app keeps crashing when loading Liked Songs on Android 14.,Hi! Perform a clean reinstall of the app to clear corrupted cache. ^NK,Spotify app keeps crashing when loading Liked Songs on Android 14.,Hi! Perform a clean reinstall of the app to clear corrupted cache. ^NK
SPOT-0226,Subscription & Premium,@SpotifyCares Want to switch my plan from Free to Individual Premium. How does billing work?,Hey! You can change your plan under account overview. Any unused time will be prorated! ^JM,Want to switch my plan from Free to Individual Premium. How does billing work?,Hey! You can change your plan under account overview. Any unused time will be prorated! ^JM
SPOT-0227,Account Compromise & Security,@SpotifyCares Got account alert that password was modified on Apple Watch without my consent.,Hi! Send us a direct message immediately so our security team can secure your account. ^JM,Got account alert that password was modified on Apple Watch without my consent.,Hi! Send us a direct message immediately so our security team can secure your account. ^JM
SPOT-0228,Login & Auth Issue,"@SpotifyCares Can't sign in on iPhone 15, error says Error 404.",Hi! Try clearing app cache and restarting your device. Send us a DM if issue persists! ^NK,"Can't sign in on iPhone 15, error says Error 404.",Hi! Try clearing app cache and restarting your device. Send us a DM if issue persists! ^NK
SPOT-0229,General Query & Feature Request,@SpotifyCares Is Hi-Res Audio available in my region yet?,Hi! Keep an eye on our official newsroom updates for feature availability in your region! ^CA,Is Hi-Res Audio available in my region yet?,Hi! Keep an eye on our official newsroom updates for feature availability in your region! ^CA
SPOT-0230,General Query & Feature Request,@SpotifyCares Is Audiobook streaming available in my region yet?,Hi! Keep an eye on our official newsroom updates for feature availability in your region! ^CA,Is Audiobook streaming available in my region yet?,Hi! Keep an eye on our official newsroom updates for feature availability in your region! ^CA
SPOT-0231,App Crash & Performance,@SpotifyCares Spotify app keeps crashing when loading Home Tab on iPhone 15.,Hi! Perform a clean reinstall of the app to clear corrupted cache. ^NK,Spotify app keeps crashing when loading Home Tab on iPhone 15.,Hi! Perform a clean reinstall of the app to clear corrupted cache. ^NK
SPOT-0232,Subscription & Premium,@SpotifyCares Want to switch my plan from Free to Individual Premium. How does billing work?,Hey! You can change your plan under account overview. Any unused time will be prorated! ^JM,Want to switch my plan from Free to Individual Premium. How does billing work?,Hey! You can change your plan under account overview. Any unused time will be prorated! ^JM
SPOT-0233,Billing & Refund Request,@SpotifyCares Charged $5.99 on my card for Spotify but I don't have an active subscription.,Hi! DM us the charge details and transaction date so we can track down the account responsible. ^BP,Charged $5.99 on my card for Spotify but I don't have an active subscription.,Hi! DM us the charge details and transaction date so we can track down the account responsible. ^BP
SPOT-0234,Subscription & Premium,@SpotifyCares Want to switch my plan from Free to Individual Premium. How does billing work?,Hey! You can change your plan under account overview. Any unused time will be prorated! ^JM,Want to switch my plan from Free to Individual Premium. How does billing work?,Hey! You can change your plan under account overview. Any unused time will be prorated! ^JM
SPOT-0235,Playback & Audio Bugs,@SpotifyCares Songs stop playing randomly after 30 seconds on Windows 11.,Hey! Check background battery optimization settings for Spotify on your device. ^CA,Songs stop playing randomly after 30 seconds on Windows 11.,Hey! Check background battery optimization settings for Spotify on your device. ^CA
SPOT-0236,Playlist & Library Issues,@SpotifyCares Cannot edit or reorder tracks in my playlist My Top 2026 Hits on iPad Air.,Hey! Make sure playlist isn't set to read-only or collaborative mode without edit permissions. ^BP,Cannot edit or reorder tracks in my playlist My Top 2026 Hits on iPad Air.,Hey! Make sure playlist isn't set to read-only or collaborative mode without edit permissions. ^BP
SPOT-0237,Login & Auth Issue,"@SpotifyCares Can't sign in on Web Player, error says Authentication Failed.",Hi! Try clearing app cache and restarting your device. Send us a DM if issue persists! ^NK,"Can't sign in on Web Player, error says Authentication Failed.",Hi! Try clearing app cache and restarting your device. Send us a DM if issue persists! ^NK
SPOT-0238,Subscription & Premium,@SpotifyCares Want to switch my plan from Student to Duo. How does billing work?,Hey! You can change your plan under account overview. Any unused time will be prorated! ^JM,Want to switch my plan from Student to Duo. How does billing work?,Hey! You can change your plan under account overview. Any unused time will be prorated! ^JM
SPOT-0239,App Crash & Performance,@SpotifyCares Spotify app keeps crashing when loading Artist Page on iPhone 15.,Hi! Perform a clean reinstall of the app to clear corrupted cache. ^NK,Spotify app keeps crashing when loading Artist Page on iPhone 15.,Hi! Perform a clean reinstall of the app to clear corrupted cache. ^NK
SPOT-0240,Login & Auth Issue,"@SpotifyCares Can't sign in on Web Player, error says Network Timeout.",Hi! Try clearing app cache and restarting your device. Send us a DM if issue persists! ^NK,"Can't sign in on Web Player, error says Network Timeout.",Hi! Try clearing app cache and restarting your device. Send us a DM if issue persists! ^NK
SPOT-0241,Login & Auth Issue,"@SpotifyCares Can't sign in on iPad Air, error says Session Expired.",Hi! Try clearing app cache and restarting your device. Send us a DM if issue persists! ^NK,"Can't sign in on iPad Air, error says Session Expired.",Hi! Try clearing app cache and restarting your device. Send us a DM if issue persists! ^NK
SPOT-0242,Account Compromise & Security,@SpotifyCares Got account alert that password was modified on Apple Watch without my consent.,Hi! Send us a direct message immediately so our security team can secure your account. ^JM,Got account alert that password was modified on Apple Watch without my consent.,Hi! Send us a direct message immediately so our security team can secure your account. ^JM
SPOT-0243,App Crash & Performance,@SpotifyCares Spotify app keeps crashing when loading Artist Page on Apple Watch.,Hi! Perform a clean reinstall of the app to clear corrupted cache. ^NK,Spotify app keeps crashing when loading Artist Page on Apple Watch.,Hi! Perform a clean reinstall of the app to clear corrupted cache. ^NK
SPOT-0244,Billing & Refund Request,@SpotifyCares Charged $10.99 on my card for Spotify but I don't have an active subscription.,Hi! DM us the charge details and transaction date so we can track down the account responsible. ^BP,Charged $10.99 on my card for Spotify but I don't have an active subscription.,Hi! DM us the charge details and transaction date so we can track down the account responsible. ^BP
SPOT-0245,General Query & Feature Request,@SpotifyCares Is DJ AI Feature available in my region yet?,Hi! Keep an eye on our official newsroom updates for feature availability in your region! ^CA,Is DJ AI Feature available in my region yet?,Hi! Keep an eye on our official newsroom updates for feature availability in your region! ^CA
SPOT-0246,Playback & Audio Bugs,@SpotifyCares Songs stop playing randomly after 1 minute on MacBook Pro.,Hey! Check background battery optimization settings for Spotify on your device. ^CA,Songs stop playing randomly after 1 minute on MacBook Pro.,Hey! Check background battery optimization settings for Spotify on your device. ^CA
SPOT-0247,Account Compromise & Security,@SpotifyCares Got account alert that password was modified on iPhone 15 without my consent.,Hi! Send us a direct message immediately so our security team can secure your account. ^JM,Got account alert that password was modified on iPhone 15 without my consent.,Hi! Send us a direct message immediately so our security team can secure your account. ^JM
SPOT-0248,Billing & Refund Request,@SpotifyCares Charged $16.99 on my card for Spotify but I don't have an active subscription.,Hi! DM us the charge details and transaction date so we can track down the account responsible. ^BP,Charged $16.99 on my card for Spotify but I don't have an active subscription.,Hi! DM us the charge details and transaction date so we can track down the account responsible. ^BP
SPOT-0249,Billing & Refund Request,@SpotifyCares Charged $10.99 on my card for Spotify but I don't have an active subscription.,Hi! DM us the charge details and transaction date so we can track down the account responsible. ^BP,Charged $10.99 on my card for Spotify but I don't have an active subscription.,Hi! DM us the charge details and transaction date so we can track down the account responsible. ^BP
SPOT-0250,Subscription & Premium,@SpotifyCares Want to switch my plan from Free to Individual Premium. How does billing work?,Hey! You can change your plan under account overview. Any unused time will be prorated! ^JM,Want to switch my plan from Free to Individual Premium. How does billing work?,Hey! You can change your plan under account overview. Any unused time will be prorated! ^JM
SPOT-0251,App Crash & Performance,@SpotifyCares Spotify app keeps crashing when loading Liked Songs on iPad Air.,Hi! Perform a clean reinstall of the app to clear corrupted cache. ^NK,Spotify app keeps crashing when loading Liked Songs on iPad Air.,Hi! Perform a clean reinstall of the app to clear corrupted cache. ^NK
SPOT-0252,Login & Auth Issue,"@SpotifyCares Can't sign in on MacBook Pro, error says Offline Mode Stuck.",Hi! Try clearing app cache and restarting your device. Send us a DM if issue persists! ^NK,"Can't sign in on MacBook Pro, error says Offline Mode Stuck.",Hi! Try clearing app cache and restarting your device. Send us a DM if issue persists! ^NK
SPOT-0253,Subscription & Premium,@SpotifyCares Want to switch my plan from Individual to Family. How does billing work?,Hey! You can change your plan under account overview. Any unused time will be prorated! ^JM,Want to switch my plan from Individual to Family. How does billing work?,Hey! You can change your plan under account overview. Any unused time will be prorated! ^JM
SPOT-0254,Playlist & Library Issues,@SpotifyCares Cannot edit or reorder tracks in my playlist Chill Vibes on Apple Watch.,Hey! Make sure playlist isn't set to read-only or collaborative mode without edit permissions. ^BP,Cannot edit or reorder tracks in my playlist Chill Vibes on Apple Watch.,Hey! Make sure playlist isn't set to read-only or collaborative mode without edit permissions. ^BP
SPOT-0255,Playback & Audio Bugs,@SpotifyCares Songs stop playing randomly after 30 seconds on Web Player.,Hey! Check background battery optimization settings for Spotify on your device. ^CA,Songs stop playing randomly after 30 seconds on Web Player.,Hey! Check background battery optimization settings for Spotify on your device. ^CA
SPOT-0256,General Query & Feature Request,@SpotifyCares Is Hi-Res Audio available in my region yet?,Hi! Keep an eye on our official newsroom updates for feature availability in your region! ^CA,Is Hi-Res Audio available in my region yet?,Hi! Keep an eye on our official newsroom updates for feature availability in your region! ^CA
SPOT-0257,General Query & Feature Request,@SpotifyCares Is DJ AI Feature available in my region yet?,Hi! Keep an eye on our official newsroom updates for feature availability in your region! ^CA,Is DJ AI Feature available in my region yet?,Hi! Keep an eye on our official newsroom updates for feature availability in your region! ^CA
SPOT-0258,General Query & Feature Request,@SpotifyCares Is Audiobook streaming available in my region yet?,Hi! Keep an eye on our official newsroom updates for feature availability in your region! ^CA,Is Audiobook streaming available in my region yet?,Hi! Keep an eye on our official newsroom updates for feature availability in your region! ^CA
SPOT-0259,Login & Auth Issue,"@SpotifyCares Can't sign in on Web Player, error says Authentication Failed.",Hi! Try clearing app cache and restarting your device. Send us a DM if issue persists! ^NK,"Can't sign in on Web Player, error says Authentication Failed.",Hi! Try clearing app cache and restarting your device. Send us a DM if issue persists! ^NK
SPOT-0260,Billing & Refund Request,@SpotifyCares Charged $5.99 on my card for Spotify but I don't have an active subscription.,Hi! DM us the charge details and transaction date so we can track down the account responsible. ^BP,Charged $5.99 on my card for Spotify but I don't have an active subscription.,Hi! DM us the charge details and transaction date so we can track down the account responsible. ^BP
SPOT-0261,General Query & Feature Request,@SpotifyCares Is Hi-Res Audio available in my region yet?,Hi! Keep an eye on our official newsroom updates for feature availability in your region! ^CA,Is Hi-Res Audio available in my region yet?,Hi! Keep an eye on our official newsroom updates for feature availability in your region! ^CA
SPOT-0262,Account Compromise & Security,@SpotifyCares Got account alert that password was modified on Web Player without my consent.,Hi! Send us a direct message immediately so our security team can secure your account. ^JM,Got account alert that password was modified on Web Player without my consent.,Hi! Send us a direct message immediately so our security team can secure your account. ^JM
SPOT-0263,Login & Auth Issue,"@SpotifyCares Can't sign in on Android 14, error says Authentication Failed.",Hi! Try clearing app cache and restarting your device. Send us a DM if issue persists! ^NK,"Can't sign in on Android 14, error says Authentication Failed.",Hi! Try clearing app cache and restarting your device. Send us a DM if issue persists! ^NK
SPOT-0264,Subscription & Premium,@SpotifyCares Want to switch my plan from Free to Individual Premium. How does billing work?,Hey! You can change your plan under account overview. Any unused time will be prorated! ^JM,Want to switch my plan from Free to Individual Premium. How does billing work?,Hey! You can change your plan under account overview. Any unused time will be prorated! ^JM
SPOT-0265,Account Compromise & Security,@SpotifyCares Got account alert that password was modified on Windows 11 without my consent.,Hi! Send us a direct message immediately so our security team can secure your account. ^JM,Got account alert that password was modified on Windows 11 without my consent.,Hi! Send us a direct message immediately so our security team can secure your account. ^JM
SPOT-0266,Account Compromise & Security,@SpotifyCares Got account alert that password was modified on Android 14 without my consent.,Hi! Send us a direct message immediately so our security team can secure your account. ^JM,Got account alert that password was modified on Android 14 without my consent.,Hi! Send us a direct message immediately so our security team can secure your account. ^JM
SPOT-0267,Subscription & Premium,@SpotifyCares Want to switch my plan from Free to Individual Premium. How does billing work?,Hey! You can change your plan under account overview. Any unused time will be prorated! ^JM,Want to switch my plan from Free to Individual Premium. How does billing work?,Hey! You can change your plan under account overview. Any unused time will be prorated! ^JM
SPOT-0268,Billing & Refund Request,@SpotifyCares Charged $16.99 on my card for Spotify but I don't have an active subscription.,Hi! DM us the charge details and transaction date so we can track down the account responsible. ^BP,Charged $16.99 on my card for Spotify but I don't have an active subscription.,Hi! DM us the charge details and transaction date so we can track down the account responsible. ^BP
SPOT-0269,Subscription & Premium,@SpotifyCares Want to switch my plan from Individual to Family. How does billing work?,Hey! You can change your plan under account overview. Any unused time will be prorated! ^JM,Want to switch my plan from Individual to Family. How does billing work?,Hey! You can change your plan under account overview. Any unused time will be prorated! ^JM
SPOT-0270,Playlist & Library Issues,@SpotifyCares Cannot edit or reorder tracks in my playlist Chill Vibes on Web Player.,Hey! Make sure playlist isn't set to read-only or collaborative mode without edit permissions. ^BP,Cannot edit or reorder tracks in my playlist Chill Vibes on Web Player.,Hey! Make sure playlist isn't set to read-only or collaborative mode without edit permissions. ^BP
SPOT-0271,Account Compromise & Security,@SpotifyCares Got account alert that password was modified on MacBook Pro without my consent.,Hi! Send us a direct message immediately so our security team can secure your account. ^JM,Got account alert that password was modified on MacBook Pro without my consent.,Hi! Send us a direct message immediately so our security team can secure your account. ^JM
SPOT-0272,App Crash & Performance,@SpotifyCares Spotify app keeps crashing when loading Search Screen on Web Player.,Hi! Perform a clean reinstall of the app to clear corrupted cache. ^NK,Spotify app keeps crashing when loading Search Screen on Web Player.,Hi! Perform a clean reinstall of the app to clear corrupted cache. ^NK
SPOT-0273,Billing & Refund Request,@SpotifyCares Charged $19.99 on my card for Spotify but I don't have an active subscription.,Hi! DM us the charge details and transaction date so we can track down the account responsible. ^BP,Charged $19.99 on my card for Spotify but I don't have an active subscription.,Hi! DM us the charge details and transaction date so we can track down the account responsible. ^BP
SPOT-0274,Billing & Refund Request,@SpotifyCares Charged $5.99 on my card for Spotify but I don't have an active subscription.,Hi! DM us the charge details and transaction date so we can track down the account responsible. ^BP,Charged $5.99 on my card for Spotify but I don't have an active subscription.,Hi! DM us the charge details and transaction date so we can track down the account responsible. ^BP
SPOT-0275,Login & Auth Issue,"@SpotifyCares Can't sign in on Android 14, error says Network Timeout.",Hi! Try clearing app cache and restarting your device. Send us a DM if issue persists! ^NK,"Can't sign in on Android 14, error says Network Timeout.",Hi! Try clearing app cache and restarting your device. Send us a DM if issue persists! ^NK
SPOT-0276,Playback & Audio Bugs,@SpotifyCares Songs stop playing randomly after 30 seconds on iPad Air.,Hey! Check background battery optimization settings for Spotify on your device. ^CA,Songs stop playing randomly after 30 seconds on iPad Air.,Hey! Check background battery optimization settings for Spotify on your device. ^CA
SPOT-0277,Billing & Refund Request,@SpotifyCares Charged $16.99 on my card for Spotify but I don't have an active subscription.,Hi! DM us the charge details and transaction date so we can track down the account responsible. ^BP,Charged $16.99 on my card for Spotify but I don't have an active subscription.,Hi! DM us the charge details and transaction date so we can track down the account responsible. ^BP
SPOT-0278,Playback & Audio Bugs,@SpotifyCares Songs stop playing randomly after 30 seconds on Windows 11.,Hey! Check background battery optimization settings for Spotify on your device. ^CA,Songs stop playing randomly after 30 seconds on Windows 11.,Hey! Check background battery optimization settings for Spotify on your device. ^CA
SPOT-0279,Account Compromise & Security,@SpotifyCares Got account alert that password was modified on Web Player without my consent.,Hi! Send us a direct message immediately so our security team can secure your account. ^JM,Got account alert that password was modified on Web Player without my consent.,Hi! Send us a direct message immediately so our security team can secure your account. ^JM
SPOT-0280,General Query & Feature Request,@SpotifyCares Is Canvas Animations available in my region yet?,Hi! Keep an eye on our official newsroom updates for feature availability in your region! ^CA,Is Canvas Animations available in my region yet?,Hi! Keep an eye on our official newsroom updates for feature availability in your region! ^CA
SPOT-0281,Account Compromise & Security,@SpotifyCares Got account alert that password was modified on MacBook Pro without my consent.,Hi! Send us a direct message immediately so our security team can secure your account. ^JM,Got account alert that password was modified on MacBook Pro without my consent.,Hi! Send us a direct message immediately so our security team can secure your account. ^JM
SPOT-0282,Account Compromise & Security,@SpotifyCares Got account alert that password was modified on MacBook Pro without my consent.,Hi! Send us a direct message immediately so our security team can secure your account. ^JM,Got account alert that password was modified on MacBook Pro without my consent.,Hi! Send us a direct message immediately so our security team can secure your account. ^JM
SPOT-0283,General Query & Feature Request,@SpotifyCares Is Hi-Res Audio available in my region yet?,Hi! Keep an eye on our official newsroom updates for feature availability in your region! ^CA,Is Hi-Res Audio available in my region yet?,Hi! Keep an eye on our official newsroom updates for feature availability in your region! ^CA
SPOT-0284,Login & Auth Issue,"@SpotifyCares Can't sign in on Android 14, error says Error 404.",Hi! Try clearing app cache and restarting your device. Send us a DM if issue persists! ^NK,"Can't sign in on Android 14, error says Error 404.",Hi! Try clearing app cache and restarting your device. Send us a DM if issue persists! ^NK
SPOT-0285,Account Compromise & Security,@SpotifyCares Got account alert that password was modified on iPad Air without my consent.,Hi! Send us a direct message immediately so our security team can secure your account. ^JM,Got account alert that password was modified on iPad Air without my consent.,Hi! Send us a direct message immediately so our security team can secure your account. ^JM
SPOT-0286,Playlist & Library Issues,@SpotifyCares Cannot edit or reorder tracks in my playlist Workout Mix on iPhone 15.,Hey! Make sure playlist isn't set to read-only or collaborative mode without edit permissions. ^BP,Cannot edit or reorder tracks in my playlist Workout Mix on iPhone 15.,Hey! Make sure playlist isn't set to read-only or collaborative mode without edit permissions. ^BP
SPOT-0287,Billing & Refund Request,@SpotifyCares Charged $10.99 on my card for Spotify but I don't have an active subscription.,Hi! DM us the charge details and transaction date so we can track down the account responsible. ^BP,Charged $10.99 on my card for Spotify but I don't have an active subscription.,Hi! DM us the charge details and transaction date so we can track down the account responsible. ^BP
SPOT-0288,Subscription & Premium,@SpotifyCares Want to switch my plan from Student to Duo. How does billing work?,Hey! You can change your plan under account overview. Any unused time will be prorated! ^JM,Want to switch my plan from Student to Duo. How does billing work?,Hey! You can change your plan under account overview. Any unused time will be prorated! ^JM
SPOT-0289,Playlist & Library Issues,@SpotifyCares Cannot edit or reorder tracks in my playlist Workout Mix on MacBook Pro.,Hey! Make sure playlist isn't set to read-only or collaborative mode without edit permissions. ^BP,Cannot edit or reorder tracks in my playlist Workout Mix on MacBook Pro.,Hey! Make sure playlist isn't set to read-only or collaborative mode without edit permissions. ^BP
SPOT-0290,Playlist & Library Issues,@SpotifyCares Cannot edit or reorder tracks in my playlist Chill Vibes on Android 14.,Hey! Make sure playlist isn't set to read-only or collaborative mode without edit permissions. ^BP,Cannot edit or reorder tracks in my playlist Chill Vibes on Android 14.,Hey! Make sure playlist isn't set to read-only or collaborative mode without edit permissions. ^BP
SPOT-0291,Playlist & Library Issues,@SpotifyCares Cannot edit or reorder tracks in my playlist Workout Mix on Windows 11.,Hey! Make sure playlist isn't set to read-only or collaborative mode without edit permissions. ^BP,Cannot edit or reorder tracks in my playlist Workout Mix on Windows 11.,Hey! Make sure playlist isn't set to read-only or collaborative mode without edit permissions. ^BP
SPOT-0292,Account Compromise & Security,@SpotifyCares Got account alert that password was modified on Windows 11 without my consent.,Hi! Send us a direct message immediately so our security team can secure your account. ^JM,Got account alert that password was modified on Windows 11 without my consent.,Hi! Send us a direct message immediately so our security team can secure your account. ^JM
SPOT-0293,Playback & Audio Bugs,@SpotifyCares Songs stop playing randomly after 30 seconds on iPhone 15.,Hey! Check background battery optimization settings for Spotify on your device. ^CA,Songs stop playing randomly after 30 seconds on iPhone 15.,Hey! Check background battery optimization settings for Spotify on your device. ^CA
SPOT-0294,Billing & Refund Request,@SpotifyCares Charged $5.99 on my card for Spotify but I don't have an active subscription.,Hi! DM us the charge details and transaction date so we can track down the account responsible. ^BP,Charged $5.99 on my card for Spotify but I don't have an active subscription.,Hi! DM us the charge details and transaction date so we can track down the account responsible. ^BP
SPOT-0295,Playlist & Library Issues,@SpotifyCares Cannot edit or reorder tracks in my playlist My Top 2026 Hits on iPad Air.,Hey! Make sure playlist isn't set to read-only or collaborative mode without edit permissions. ^BP,Cannot edit or reorder tracks in my playlist My Top 2026 Hits on iPad Air.,Hey! Make sure playlist isn't set to read-only or collaborative mode without edit permissions. ^BP
SPOT-0296,Subscription & Premium,@SpotifyCares Want to switch my plan from Individual to Family. How does billing work?,Hey! You can change your plan under account overview. Any unused time will be prorated! ^JM,Want to switch my plan from Individual to Family. How does billing work?,Hey! You can change your plan under account overview. Any unused time will be prorated! ^JM
SPOT-0297,Subscription & Premium,@SpotifyCares Want to switch my plan from Individual to Family. How does billing work?,Hey! You can change your plan under account overview. Any unused time will be prorated! ^JM,Want to switch my plan from Individual to Family. How does billing work?,Hey! You can change your plan under account overview. Any unused time will be prorated! ^JM
SPOT-0298,Playback & Audio Bugs,@SpotifyCares Songs stop playing randomly after 1 minute on iPhone 15.,Hey! Check background battery optimization settings for Spotify on your device. ^CA,Songs stop playing randomly after 1 minute on iPhone 15.,Hey! Check background battery optimization settings for Spotify on your device. ^CA
SPOT-0299,Account Compromise & Security,@SpotifyCares Got account alert that password was modified on Web Player without my consent.,Hi! Send us a direct message immediately so our security team can secure your account. ^JM,Got account alert that password was modified on Web Player without my consent.,Hi! Send us a direct message immediately so our security team can secure your account. ^JM
SPOT-0300,Login & Auth Issue,"@SpotifyCares Can't sign in on MacBook Pro, error says Authentication Failed.",Hi! Try clearing app cache and restarting your device. Send us a DM if issue persists! ^NK,"Can't sign in on MacBook Pro, error says Authentication Failed.",Hi! Try clearing app cache and restarting your device. Send us a DM if issue persists! ^NK
SPOT-0301,Subscription & Premium,@SpotifyCares Want to switch my plan from Individual to Family. How does billing work?,Hey! You can change your plan under account overview. Any unused time will be prorated! ^JM,Want to switch my plan from Individual to Family. How does billing work?,Hey! You can change your plan under account overview. Any unused time will be prorated! ^JM
SPOT-0302,Playback & Audio Bugs,@SpotifyCares Songs stop playing randomly after 1 minute on Web Player.,Hey! Check background battery optimization settings for Spotify on your device. ^CA,Songs stop playing randomly after 1 minute on Web Player.,Hey! Check background battery optimization settings for Spotify on your device. ^CA
SPOT-0303,Login & Auth Issue,"@SpotifyCares Can't sign in on Windows 11, error says Authentication Failed.",Hi! Try clearing app cache and restarting your device. Send us a DM if issue persists! ^NK,"Can't sign in on Windows 11, error says Authentication Failed.",Hi! Try clearing app cache and restarting your device. Send us a DM if issue persists! ^NK
SPOT-0304,Playback & Audio Bugs,@SpotifyCares Songs stop playing randomly after every song transition on Windows 11.,Hey! Check background battery optimization settings for Spotify on your device. ^CA,Songs stop playing randomly after every song transition on Windows 11.,Hey! Check background battery optimization settings for Spotify on your device. ^CA
SPOT-0305,Account Compromise & Security,@SpotifyCares Got account alert that password was modified on Apple Watch without my consent.,Hi! Send us a direct message immediately so our security team can secure your account. ^JM,Got account alert that password was modified on Apple Watch without my consent.,Hi! Send us a direct message immediately so our security team can secure your account. ^JM
SPOT-0306,Playback & Audio Bugs,@SpotifyCares Songs stop playing randomly after 1 minute on MacBook Pro.,Hey! Check background battery optimization settings for Spotify on your device. ^CA,Songs stop playing randomly after 1 minute on MacBook Pro.,Hey! Check background battery optimization settings for Spotify on your device. ^CA
SPOT-0307,Billing & Refund Request,@SpotifyCares Charged $10.99 on my card for Spotify but I don't have an active subscription.,Hi! DM us the charge details and transaction date so we can track down the account responsible. ^BP,Charged $10.99 on my card for Spotify but I don't have an active subscription.,Hi! DM us the charge details and transaction date so we can track down the account responsible. ^BP
SPOT-0308,Playback & Audio Bugs,@SpotifyCares Songs stop playing randomly after 1 minute on iPad Air.,Hey! Check background battery optimization settings for Spotify on your device. ^CA,Songs stop playing randomly after 1 minute on iPad Air.,Hey! Check background battery optimization settings for Spotify on your device. ^CA
SPOT-0309,Playlist & Library Issues,@SpotifyCares Cannot edit or reorder tracks in my playlist Workout Mix on Web Player.,Hey! Make sure playlist isn't set to read-only or collaborative mode without edit permissions. ^BP,Cannot edit or reorder tracks in my playlist Workout Mix on Web Player.,Hey! Make sure playlist isn't set to read-only or collaborative mode without edit permissions. ^BP
SPOT-0310,App Crash & Performance,@SpotifyCares Spotify app keeps crashing when loading Search Screen on Web Player.,Hi! Perform a clean reinstall of the app to clear corrupted cache. ^NK,Spotify app keeps crashing when loading Search Screen on Web Player.,Hi! Perform a clean reinstall of the app to clear corrupted cache. ^NK
SPOT-0311,Subscription & Premium,@SpotifyCares Want to switch my plan from Student to Duo. How does billing work?,Hey! You can change your plan under account overview. Any unused time will be prorated! ^JM,Want to switch my plan from Student to Duo. How does billing work?,Hey! You can change your plan under account overview. Any unused time will be prorated! ^JM
SPOT-0312,Login & Auth Issue,"@SpotifyCares Can't sign in on iPhone 15, error says Network Timeout.",Hi! Try clearing app cache and restarting your device. Send us a DM if issue persists! ^NK,"Can't sign in on iPhone 15, error says Network Timeout.",Hi! Try clearing app cache and restarting your device. Send us a DM if issue persists! ^NK
SPOT-0313,Subscription & Premium,@SpotifyCares Want to switch my plan from Student to Duo. How does billing work?,Hey! You can change your plan under account overview. Any unused time will be prorated! ^JM,Want to switch my plan from Student to Duo. How does billing work?,Hey! You can change your plan under account overview. Any unused time will be prorated! ^JM
SPOT-0314,Playback & Audio Bugs,@SpotifyCares Songs stop playing randomly after 1 minute on iPhone 15.,Hey! Check background battery optimization settings for Spotify on your device. ^CA,Songs stop playing randomly after 1 minute on iPhone 15.,Hey! Check background battery optimization settings for Spotify on your device. ^CA
SPOT-0315,General Query & Feature Request,@SpotifyCares Is Canvas Animations available in my region yet?,Hi! Keep an eye on our official newsroom updates for feature availability in your region! ^CA,Is Canvas Animations available in my region yet?,Hi! Keep an eye on our official newsroom updates for feature availability in your region! ^CA
SPOT-0316,Playlist & Library Issues,@SpotifyCares Cannot edit or reorder tracks in my playlist My Top 2026 Hits on iPhone 15.,Hey! Make sure playlist isn't set to read-only or collaborative mode without edit permissions. ^BP,Cannot edit or reorder tracks in my playlist My Top 2026 Hits on iPhone 15.,Hey! Make sure playlist isn't set to read-only or collaborative mode without edit permissions. ^BP
SPOT-0317,General Query & Feature Request,@SpotifyCares Is Audiobook streaming available in my region yet?,Hi! Keep an eye on our official newsroom updates for feature availability in your region! ^CA,Is Audiobook streaming available in my region yet?,Hi! Keep an eye on our official newsroom updates for feature availability in your region! ^CA
SPOT-0318,Login & Auth Issue,"@SpotifyCares Can't sign in on MacBook Pro, error says Network Timeout.",Hi! Try clearing app cache and restarting your device. Send us a DM if issue persists! ^NK,"Can't sign in on MacBook Pro, error says Network Timeout.",Hi! Try clearing app cache and restarting your device. Send us a DM if issue persists! ^NK
SPOT-0319,Subscription & Premium,@SpotifyCares Want to switch my plan from Individual to Family. How does billing work?,Hey! You can change your plan under account overview. Any unused time will be prorated! ^JM,Want to switch my plan from Individual to Family. How does billing work?,Hey! You can change your plan under account overview. Any unused time will be prorated! ^JM
SPOT-0320,App Crash & Performance,@SpotifyCares Spotify app keeps crashing when loading Liked Songs on Web Player.,Hi! Perform a clean reinstall of the app to clear corrupted cache. ^NK,Spotify app keeps crashing when loading Liked Songs on Web Player.,Hi! Perform a clean reinstall of the app to clear corrupted cache. ^NK
SPOT-0321,Playback & Audio Bugs,@SpotifyCares Songs stop playing randomly after 1 minute on Apple Watch.,Hey! Check background battery optimization settings for Spotify on your device. ^CA,Songs stop playing randomly after 1 minute on Apple Watch.,Hey! Check background battery optimization settings for Spotify on your device. ^CA
SPOT-0322,Billing & Refund Request,@SpotifyCares Charged $19.99 on my card for Spotify but I don't have an active subscription.,Hi! DM us the charge details and transaction date so we can track down the account responsible. ^BP,Charged $19.99 on my card for Spotify but I don't have an active subscription.,Hi! DM us the charge details and transaction date so we can track down the account responsible. ^BP
SPOT-0323,App Crash & Performance,@SpotifyCares Spotify app keeps crashing when loading Liked Songs on iPad Air.,Hi! Perform a clean reinstall of the app to clear corrupted cache. ^NK,Spotify app keeps crashing when loading Liked Songs on iPad Air.,Hi! Perform a clean reinstall of the app to clear corrupted cache. ^NK
SPOT-0324,App Crash & Performance,@SpotifyCares Spotify app keeps crashing when loading Search Screen on Android 14.,Hi! Perform a clean reinstall of the app to clear corrupted cache. ^NK,Spotify app keeps crashing when loading Search Screen on Android 14.,Hi! Perform a clean reinstall of the app to clear corrupted cache. ^NK
SPOT-0325,Subscription & Premium,@SpotifyCares Want to switch my plan from Student to Duo. How does billing work?,Hey! You can change your plan under account overview. Any unused time will be prorated! ^JM,Want to switch my plan from Student to Duo. How does billing work?,Hey! You can change your plan under account overview. Any unused time will be prorated! ^JM
SPOT-0326,Billing & Refund Request,@SpotifyCares Charged $16.99 on my card for Spotify but I don't have an active subscription.,Hi! DM us the charge details and transaction date so we can track down the account responsible. ^BP,Charged $16.99 on my card for Spotify but I don't have an active subscription.,Hi! DM us the charge details and transaction date so we can track down the account responsible. ^BP
SPOT-0327,Playback & Audio Bugs,@SpotifyCares Songs stop playing randomly after every song transition on Web Player.,Hey! Check background battery optimization settings for Spotify on your device. ^CA,Songs stop playing randomly after every song transition on Web Player.,Hey! Check background battery optimization settings for Spotify on your device. ^CA
SPOT-0328,Account Compromise & Security,@SpotifyCares Got account alert that password was modified on Apple Watch without my consent.,Hi! Send us a direct message immediately so our security team can secure your account. ^JM,Got account alert that password was modified on Apple Watch without my consent.,Hi! Send us a direct message immediately so our security team can secure your account. ^JM
SPOT-0329,Playlist & Library Issues,@SpotifyCares Cannot edit or reorder tracks in my playlist Workout Mix on iPad Air.,Hey! Make sure playlist isn't set to read-only or collaborative mode without edit permissions. ^BP,Cannot edit or reorder tracks in my playlist Workout Mix on iPad Air.,Hey! Make sure playlist isn't set to read-only or collaborative mode without edit permissions. ^BP
SPOT-0330,App Crash & Performance,@SpotifyCares Spotify app keeps crashing when loading Artist Page on Web Player.,Hi! Perform a clean reinstall of the app to clear corrupted cache. ^NK,Spotify app keeps crashing when loading Artist Page on Web Player.,Hi! Perform a clean reinstall of the app to clear corrupted cache. ^NK
SPOT-0331,Playback & Audio Bugs,@SpotifyCares Songs stop playing randomly after every song transition on Apple Watch.,Hey! Check background battery optimization settings for Spotify on your device. ^CA,Songs stop playing randomly after every song transition on Apple Watch.,Hey! Check background battery optimization settings for Spotify on your device. ^CA
SPOT-0332,Playback & Audio Bugs,@SpotifyCares Songs stop playing randomly after 30 seconds on Apple Watch.,Hey! Check background battery optimization settings for Spotify on your device. ^CA,Songs stop playing randomly after 30 seconds on Apple Watch.,Hey! Check background battery optimization settings for Spotify on your device. ^CA
SPOT-0333,Account Compromise & Security,@SpotifyCares Got account alert that password was modified on MacBook Pro without my consent.,Hi! Send us a direct message immediately so our security team can secure your account. ^JM,Got account alert that password was modified on MacBook Pro without my consent.,Hi! Send us a direct message immediately so our security team can secure your account. ^JM
SPOT-0334,General Query & Feature Request,@SpotifyCares Is Audiobook streaming available in my region yet?,Hi! Keep an eye on our official newsroom updates for feature availability in your region! ^CA,Is Audiobook streaming available in my region yet?,Hi! Keep an eye on our official newsroom updates for feature availability in your region! ^CA
SPOT-0335,Playback & Audio Bugs,@SpotifyCares Songs stop playing randomly after 30 seconds on Web Player.,Hey! Check background battery optimization settings for Spotify on your device. ^CA,Songs stop playing randomly after 30 seconds on Web Player.,Hey! Check background battery optimization settings for Spotify on your device. ^CA
SPOT-0336,App Crash & Performance,@SpotifyCares Spotify app keeps crashing when loading Search Screen on Apple Watch.,Hi! Perform a clean reinstall of the app to clear corrupted cache. ^NK,Spotify app keeps crashing when loading Search Screen on Apple Watch.,Hi! Perform a clean reinstall of the app to clear corrupted cache. ^NK
SPOT-0337,Subscription & Premium,@SpotifyCares Want to switch my plan from Student to Duo. How does billing work?,Hey! You can change your plan under account overview. Any unused time will be prorated! ^JM,Want to switch my plan from Student to Duo. How does billing work?,Hey! You can change your plan under account overview. Any unused time will be prorated! ^JM
SPOT-0338,Playback & Audio Bugs,@SpotifyCares Songs stop playing randomly after 30 seconds on iPhone 15.,Hey! Check background battery optimization settings for Spotify on your device. ^CA,Songs stop playing randomly after 30 seconds on iPhone 15.,Hey! Check background battery optimization settings for Spotify on your device. ^CA
SPOT-0339,Subscription & Premium,@SpotifyCares Want to switch my plan from Individual to Family. How does billing work?,Hey! You can change your plan under account overview. Any unused time will be prorated! ^JM,Want to switch my plan from Individual to Family. How does billing work?,Hey! You can change your plan under account overview. Any unused time will be prorated! ^JM
SPOT-0340,Login & Auth Issue,"@SpotifyCares Can't sign in on iPad Air, error says Network Timeout.",Hi! Try clearing app cache and restarting your device. Send us a DM if issue persists! ^NK,"Can't sign in on iPad Air, error says Network Timeout.",Hi! Try clearing app cache and restarting your device. Send us a DM if issue persists! ^NK
SPOT-0341,Playlist & Library Issues,@SpotifyCares Cannot edit or reorder tracks in my playlist My Top 2026 Hits on MacBook Pro.,Hey! Make sure playlist isn't set to read-only or collaborative mode without edit permissions. ^BP,Cannot edit or reorder tracks in my playlist My Top 2026 Hits on MacBook Pro.,Hey! Make sure playlist isn't set to read-only or collaborative mode without edit permissions. ^BP
SPOT-0342,Login & Auth Issue,"@SpotifyCares Can't sign in on iPhone 15, error says Offline Mode Stuck.",Hi! Try clearing app cache and restarting your device. Send us a DM if issue persists! ^NK,"Can't sign in on iPhone 15, error says Offline Mode Stuck.",Hi! Try clearing app cache and restarting your device. Send us a DM if issue persists! ^NK
SPOT-0343,App Crash & Performance,@SpotifyCares Spotify app keeps crashing when loading Artist Page on iPad Air.,Hi! Perform a clean reinstall of the app to clear corrupted cache. ^NK,Spotify app keeps crashing when loading Artist Page on iPad Air.,Hi! Perform a clean reinstall of the app to clear corrupted cache. ^NK
SPOT-0344,Billing & Refund Request,@SpotifyCares Charged $16.99 on my card for Spotify but I don't have an active subscription.,Hi! DM us the charge details and transaction date so we can track down the account responsible. ^BP,Charged $16.99 on my card for Spotify but I don't have an active subscription.,Hi! DM us the charge details and transaction date so we can track down the account responsible. ^BP
SPOT-0345,General Query & Feature Request,@SpotifyCares Is Audiobook streaming available in my region yet?,Hi! Keep an eye on our official newsroom updates for feature availability in your region! ^CA,Is Audiobook streaming available in my region yet?,Hi! Keep an eye on our official newsroom updates for feature availability in your region! ^CA
SPOT-0346,Playlist & Library Issues,@SpotifyCares Cannot edit or reorder tracks in my playlist My Top 2026 Hits on Windows 11.,Hey! Make sure playlist isn't set to read-only or collaborative mode without edit permissions. ^BP,Cannot edit or reorder tracks in my playlist My Top 2026 Hits on Windows 11.,Hey! Make sure playlist isn't set to read-only or collaborative mode without edit permissions. ^BP
SPOT-0347,Billing & Refund Request,@SpotifyCares Charged $16.99 on my card for Spotify but I don't have an active subscription.,Hi! DM us the charge details and transaction date so we can track down the account responsible. ^BP,Charged $16.99 on my card for Spotify but I don't have an active subscription.,Hi! DM us the charge details and transaction date so we can track down the account responsible. ^BP
SPOT-0348,Account Compromise & Security,@SpotifyCares Got account alert that password was modified on iPhone 15 without my consent.,Hi! Send us a direct message immediately so our security team can secure your account. ^JM,Got account alert that password was modified on iPhone 15 without my consent.,Hi! Send us a direct message immediately so our security team can secure your account. ^JM
SPOT-0349,Account Compromise & Security,@SpotifyCares Got account alert that password was modified on Windows 11 without my consent.,Hi! Send us a direct message immediately so our security team can secure your account. ^JM,Got account alert that password was modified on Windows 11 without my consent.,Hi! Send us a direct message immediately so our security team can secure your account. ^JM
SPOT-0350,Playlist & Library Issues,@SpotifyCares Cannot edit or reorder tracks in my playlist Roadtrip Songs on Android 14.,Hey! Make sure playlist isn't set to read-only or collaborative mode without edit permissions. ^BP,Cannot edit or reorder tracks in my playlist Roadtrip Songs on Android 14.,Hey! Make sure playlist isn't set to read-only or collaborative mode without edit permissions. ^BP
SPOT-0351,Login & Auth Issue,"@SpotifyCares Can't sign in on Windows 11, error says Session Expired.",Hi! Try clearing app cache and restarting your device. Send us a DM if issue persists! ^NK,"Can't sign in on Windows 11, error says Session Expired.",Hi! Try clearing app cache and restarting your device. Send us a DM if issue persists! ^NK
SPOT-0352,Billing & Refund Request,@SpotifyCares Charged $10.99 on my card for Spotify but I don't have an active subscription.,Hi! DM us the charge details and transaction date so we can track down the account responsible. ^BP,Charged $10.99 on my card for Spotify but I don't have an active subscription.,Hi! DM us the charge details and transaction date so we can track down the account responsible. ^BP
SPOT-0353,Account Compromise & Security,@SpotifyCares Got account alert that password was modified on iPhone 15 without my consent.,Hi! Send us a direct message immediately so our security team can secure your account. ^JM,Got account alert that password was modified on iPhone 15 without my consent.,Hi! Send us a direct message immediately so our security team can secure your account. ^JM
SPOT-0354,Account Compromise & Security,@SpotifyCares Got account alert that password was modified on Windows 11 without my consent.,Hi! Send us a direct message immediately so our security team can secure your account. ^JM,Got account alert that password was modified on Windows 11 without my consent.,Hi! Send us a direct message immediately so our security team can secure your account. ^JM
SPOT-0355,Subscription & Premium,@SpotifyCares Want to switch my plan from Individual to Family. How does billing work?,Hey! You can change your plan under account overview. Any unused time will be prorated! ^JM,Want to switch my plan from Individual to Family. How does billing work?,Hey! You can change your plan under account overview. Any unused time will be prorated! ^JM
SPOT-0356,Playlist & Library Issues,@SpotifyCares Cannot edit or reorder tracks in my playlist Chill Vibes on iPhone 15.,Hey! Make sure playlist isn't set to read-only or collaborative mode without edit permissions. ^BP,Cannot edit or reorder tracks in my playlist Chill Vibes on iPhone 15.,Hey! Make sure playlist isn't set to read-only or collaborative mode without edit permissions. ^BP
SPOT-0357,Playlist & Library Issues,@SpotifyCares Cannot edit or reorder tracks in my playlist Workout Mix on Apple Watch.,Hey! Make sure playlist isn't set to read-only or collaborative mode without edit permissions. ^BP,Cannot edit or reorder tracks in my playlist Workout Mix on Apple Watch.,Hey! Make sure playlist isn't set to read-only or collaborative mode without edit permissions. ^BP
SPOT-0358,Subscription & Premium,@SpotifyCares Want to switch my plan from Individual to Family. How does billing work?,Hey! You can change your plan under account overview. Any unused time will be prorated! ^JM,Want to switch my plan from Individual to Family. How does billing work?,Hey! You can change your plan under account overview. Any unused time will be prorated! ^JM
SPOT-0359,Account Compromise & Security,@SpotifyCares Got account alert that password was modified on Apple Watch without my consent.,Hi! Send us a direct message immediately so our security team can secure your account. ^JM,Got account alert that password was modified on Apple Watch without my consent.,Hi! Send us a direct message immediately so our security team can secure your account. ^JM
SPOT-0360,Billing & Refund Request,@SpotifyCares Charged $5.99 on my card for Spotify but I don't have an active subscription.,Hi! DM us the charge details and transaction date so we can track down the account responsible. ^BP,Charged $5.99 on my card for Spotify but I don't have an active subscription.,Hi! DM us the charge details and transaction date so we can track down the account responsible. ^BP
SPOT-0361,General Query & Feature Request,@SpotifyCares Is DJ AI Feature available in my region yet?,Hi! Keep an eye on our official newsroom updates for feature availability in your region! ^CA,Is DJ AI Feature available in my region yet?,Hi! Keep an eye on our official newsroom updates for feature availability in your region! ^CA
SPOT-0362,Playlist & Library Issues,@SpotifyCares Cannot edit or reorder tracks in my playlist My Top 2026 Hits on Apple Watch.,Hey! Make sure playlist isn't set to read-only or collaborative mode without edit permissions. ^BP,Cannot edit or reorder tracks in my playlist My Top 2026 Hits on Apple Watch.,Hey! Make sure playlist isn't set to read-only or collaborative mode without edit permissions. ^BP
SPOT-0363,Billing & Refund Request,@SpotifyCares Charged $10.99 on my card for Spotify but I don't have an active subscription.,Hi! DM us the charge details and transaction date so we can track down the account responsible. ^BP,Charged $10.99 on my card for Spotify but I don't have an active subscription.,Hi! DM us the charge details and transaction date so we can track down the account responsible. ^BP
SPOT-0364,App Crash & Performance,@SpotifyCares Spotify app keeps crashing when loading Artist Page on iPhone 15.,Hi! Perform a clean reinstall of the app to clear corrupted cache. ^NK,Spotify app keeps crashing when loading Artist Page on iPhone 15.,Hi! Perform a clean reinstall of the app to clear corrupted cache. ^NK
SPOT-0365,General Query & Feature Request,@SpotifyCares Is Canvas Animations available in my region yet?,Hi! Keep an eye on our official newsroom updates for feature availability in your region! ^CA,Is Canvas Animations available in my region yet?,Hi! Keep an eye on our official newsroom updates for feature availability in your region! ^CA
SPOT-0366,Account Compromise & Security,@SpotifyCares Got account alert that password was modified on Web Player without my consent.,Hi! Send us a direct message immediately so our security team can secure your account. ^JM,Got account alert that password was modified on Web Player without my consent.,Hi! Send us a direct message immediately so our security team can secure your account. ^JM
SPOT-0367,App Crash & Performance,@SpotifyCares Spotify app keeps crashing when loading Home Tab on MacBook Pro.,Hi! Perform a clean reinstall of the app to clear corrupted cache. ^NK,Spotify app keeps crashing when loading Home Tab on MacBook Pro.,Hi! Perform a clean reinstall of the app to clear corrupted cache. ^NK
SPOT-0368,App Crash & Performance,@SpotifyCares Spotify app keeps crashing when loading Search Screen on iPad Air.,Hi! Perform a clean reinstall of the app to clear corrupted cache. ^NK,Spotify app keeps crashing when loading Search Screen on iPad Air.,Hi! Perform a clean reinstall of the app to clear corrupted cache. ^NK
SPOT-0369,Playback & Audio Bugs,@SpotifyCares Songs stop playing randomly after 30 seconds on Apple Watch.,Hey! Check background battery optimization settings for Spotify on your device. ^CA,Songs stop playing randomly after 30 seconds on Apple Watch.,Hey! Check background battery optimization settings for Spotify on your device. ^CA
SPOT-0370,General Query & Feature Request,@SpotifyCares Is DJ AI Feature available in my region yet?,Hi! Keep an eye on our official newsroom updates for feature availability in your region! ^CA,Is DJ AI Feature available in my region yet?,Hi! Keep an eye on our official newsroom updates for feature availability in your region! ^CA
SPOT-0371,Account Compromise & Security,@SpotifyCares Got account alert that password was modified on iPad Air without my consent.,Hi! Send us a direct message immediately so our security team can secure your account. ^JM,Got account alert that password was modified on iPad Air without my consent.,Hi! Send us a direct message immediately so our security team can secure your account. ^JM
SPOT-0372,Billing & Refund Request,@SpotifyCares Charged $16.99 on my card for Spotify but I don't have an active subscription.,Hi! DM us the charge details and transaction date so we can track down the account responsible. ^BP,Charged $16.99 on my card for Spotify but I don't have an active subscription.,Hi! DM us the charge details and transaction date so we can track down the account responsible. ^BP
SPOT-0373,App Crash & Performance,@SpotifyCares Spotify app keeps crashing when loading Home Tab on Apple Watch.,Hi! Perform a clean reinstall of the app to clear corrupted cache. ^NK,Spotify app keeps crashing when loading Home Tab on Apple Watch.,Hi! Perform a clean reinstall of the app to clear corrupted cache. ^NK
SPOT-0374,App Crash & Performance,@SpotifyCares Spotify app keeps crashing when loading Liked Songs on iPhone 15.,Hi! Perform a clean reinstall of the app to clear corrupted cache. ^NK,Spotify app keeps crashing when loading Liked Songs on iPhone 15.,Hi! Perform a clean reinstall of the app to clear corrupted cache. ^NK
SPOT-0375,Subscription & Premium,@SpotifyCares Want to switch my plan from Individual to Family. How does billing work?,Hey! You can change your plan under account overview. Any unused time will be prorated! ^JM,Want to switch my plan from Individual to Family. How does billing work?,Hey! You can change your plan under account overview. Any unused time will be prorated! ^JM
SPOT-0376,Login & Auth Issue,"@SpotifyCares Can't sign in on MacBook Pro, error says Error 404.",Hi! Try clearing app cache and restarting your device. Send us a DM if issue persists! ^NK,"Can't sign in on MacBook Pro, error says Error 404.",Hi! Try clearing app cache and restarting your device. Send us a DM if issue persists! ^NK
SPOT-0377,App Crash & Performance,@SpotifyCares Spotify app keeps crashing when loading Artist Page on iPhone 15.,Hi! Perform a clean reinstall of the app to clear corrupted cache. ^NK,Spotify app keeps crashing when loading Artist Page on iPhone 15.,Hi! Perform a clean reinstall of the app to clear corrupted cache. ^NK
SPOT-0378,App Crash & Performance,@SpotifyCares Spotify app keeps crashing when loading Home Tab on Windows 11.,Hi! Perform a clean reinstall of the app to clear corrupted cache. ^NK,Spotify app keeps crashing when loading Home Tab on Windows 11.,Hi! Perform a clean reinstall of the app to clear corrupted cache. ^NK
SPOT-0379,Login & Auth Issue,"@SpotifyCares Can't sign in on Android 14, error says Error 404.",Hi! Try clearing app cache and restarting your device. Send us a DM if issue persists! ^NK,"Can't sign in on Android 14, error says Error 404.",Hi! Try clearing app cache and restarting your device. Send us a DM if issue persists! ^NK
SPOT-0380,Login & Auth Issue,"@SpotifyCares Can't sign in on iPhone 15, error says Authentication Failed.",Hi! Try clearing app cache and restarting your device. Send us a DM if issue persists! ^NK,"Can't sign in on iPhone 15, error says Authentication Failed.",Hi! Try clearing app cache and restarting your device. Send us a DM if issue persists! ^NK
SPOT-0381,Subscription & Premium,@SpotifyCares Want to switch my plan from Free to Individual Premium. How does billing work?,Hey! You can change your plan under account overview. Any unused time will be prorated! ^JM,Want to switch my plan from Free to Individual Premium. How does billing work?,Hey! You can change your plan under account overview. Any unused time will be prorated! ^JM
SPOT-0382,App Crash & Performance,@SpotifyCares Spotify app keeps crashing when loading Artist Page on Windows 11.,Hi! Perform a clean reinstall of the app to clear corrupted cache. ^NK,Spotify app keeps crashing when loading Artist Page on Windows 11.,Hi! Perform a clean reinstall of the app to clear corrupted cache. ^NK
SPOT-0383,Billing & Refund Request,@SpotifyCares Charged $19.99 on my card for Spotify but I don't have an active subscription.,Hi! DM us the charge details and transaction date so we can track down the account responsible. ^BP,Charged $19.99 on my card for Spotify but I don't have an active subscription.,Hi! DM us the charge details and transaction date so we can track down the account responsible. ^BP
SPOT-0384,Playback & Audio Bugs,@SpotifyCares Songs stop playing randomly after every song transition on Web Player.,Hey! Check background battery optimization settings for Spotify on your device. ^CA,Songs stop playing randomly after every song transition on Web Player.,Hey! Check background battery optimization settings for Spotify on your device. ^CA
SPOT-0385,Playlist & Library Issues,@SpotifyCares Cannot edit or reorder tracks in my playlist My Top 2026 Hits on MacBook Pro.,Hey! Make sure playlist isn't set to read-only or collaborative mode without edit permissions. ^BP,Cannot edit or reorder tracks in my playlist My Top 2026 Hits on MacBook Pro.,Hey! Make sure playlist isn't set to read-only or collaborative mode without edit permissions. ^BP
SPOT-0386,Account Compromise & Security,@SpotifyCares Got account alert that password was modified on iPhone 15 without my consent.,Hi! Send us a direct message immediately so our security team can secure your account. ^JM,Got account alert that password was modified on iPhone 15 without my consent.,Hi! Send us a direct message immediately so our security team can secure your account. ^JM
SPOT-0387,Subscription & Premium,@SpotifyCares Want to switch my plan from Student to Duo. How does billing work?,Hey! You can change your plan under account overview. Any unused time will be prorated! ^JM,Want to switch my plan from Student to Duo. How does billing work?,Hey! You can change your plan under account overview. Any unused time will be prorated! ^JM
SPOT-0388,Subscription & Premium,@SpotifyCares Want to switch my plan from Student to Duo. How does billing work?,Hey! You can change your plan under account overview. Any unused time will be prorated! ^JM,Want to switch my plan from Student to Duo. How does billing work?,Hey! You can change your plan under account overview. Any unused time will be prorated! ^JM
SPOT-0389,App Crash & Performance,@SpotifyCares Spotify app keeps crashing when loading Search Screen on Web Player.,Hi! Perform a clean reinstall of the app to clear corrupted cache. ^NK,Spotify app keeps crashing when loading Search Screen on Web Player.,Hi! Perform a clean reinstall of the app to clear corrupted cache. ^NK
SPOT-0390,Subscription & Premium,@SpotifyCares Want to switch my plan from Individual to Family. How does billing work?,Hey! You can change your plan under account overview. Any unused time will be prorated! ^JM,Want to switch my plan from Individual to Family. How does billing work?,Hey! You can change your plan under account overview. Any unused time will be prorated! ^JM
SPOT-0391,Login & Auth Issue,"@SpotifyCares Can't sign in on iPhone 15, error says Session Expired.",Hi! Try clearing app cache and restarting your device. Send us a DM if issue persists! ^NK,"Can't sign in on iPhone 15, error says Session Expired.",Hi! Try clearing app cache and restarting your device. Send us a DM if issue persists! ^NK
SPOT-0392,Account Compromise & Security,@SpotifyCares Got account alert that password was modified on Android 14 without my consent.,Hi! Send us a direct message immediately so our security team can secure your account. ^JM,Got account alert that password was modified on Android 14 without my consent.,Hi! Send us a direct message immediately so our security team can secure your account. ^JM
SPOT-0393,Playback & Audio Bugs,@SpotifyCares Songs stop playing randomly after 1 minute on Android 14.,Hey! Check background battery optimization settings for Spotify on your device. ^CA,Songs stop playing randomly after 1 minute on Android 14.,Hey! Check background battery optimization settings for Spotify on your device. ^CA
SPOT-0394,Account Compromise & Security,@SpotifyCares Got account alert that password was modified on Apple Watch without my consent.,Hi! Send us a direct message immediately so our security team can secure your account. ^JM,Got account alert that password was modified on Apple Watch without my consent.,Hi! Send us a direct message immediately so our security team can secure your account. ^JM
SPOT-0395,Account Compromise & Security,@SpotifyCares Got account alert that password was modified on Windows 11 without my consent.,Hi! Send us a direct message immediately so our security team can secure your account. ^JM,Got account alert that password was modified on Windows 11 without my consent.,Hi! Send us a direct message immediately so our security team can secure your account. ^JM
SPOT-0396,Playback & Audio Bugs,@SpotifyCares Songs stop playing randomly after every song transition on MacBook Pro.,Hey! Check background battery optimization settings for Spotify on your device. ^CA,Songs stop playing randomly after every song transition on MacBook Pro.,Hey! Check background battery optimization settings for Spotify on your device. ^CA
SPOT-0397,App Crash & Performance,@SpotifyCares Spotify app keeps crashing when loading Artist Page on Apple Watch.,Hi! Perform a clean reinstall of the app to clear corrupted cache. ^NK,Spotify app keeps crashing when loading Artist Page on Apple Watch.,Hi! Perform a clean reinstall of the app to clear corrupted cache. ^NK
SPOT-0398,Account Compromise & Security,@SpotifyCares Got account alert that password was modified on MacBook Pro without my consent.,Hi! Send us a direct message immediately so our security team can secure your account. ^JM,Got account alert that password was modified on MacBook Pro without my consent.,Hi! Send us a direct message immediately so our security team can secure your account. ^JM
SPOT-0399,Playlist & Library Issues,@SpotifyCares Cannot edit or reorder tracks in my playlist My Top 2026 Hits on iPhone 15.,Hey! Make sure playlist isn't set to read-only or collaborative mode without edit permissions. ^BP,Cannot edit or reorder tracks in my playlist My Top 2026 Hits on iPhone 15.,Hey! Make sure playlist isn't set to read-only or collaborative mode without edit permissions. ^BP
SPOT-0400,General Query & Feature Request,@SpotifyCares Is DJ AI Feature available in my region yet?,Hi! Keep an eye on our official newsroom updates for feature availability in your region! ^CA,Is DJ AI Feature available in my region yet?,Hi! Keep an eye on our official newsroom updates for feature availability in your region! ^CA
SPOT-0401,Account Compromise & Security,@SpotifyCares Got account alert that password was modified on iPad Air without my consent.,Hi! Send us a direct message immediately so our security team can secure your account. ^JM,Got account alert that password was modified on iPad Air without my consent.,Hi! Send us a direct message immediately so our security team can secure your account. ^JM
SPOT-0402,Playback & Audio Bugs,@SpotifyCares Songs stop playing randomly after 1 minute on Windows 11.,Hey! Check background battery optimization settings for Spotify on your device. ^CA,Songs stop playing randomly after 1 minute on Windows 11.,Hey! Check background battery optimization settings for Spotify on your device. ^CA
SPOT-0403,Account Compromise & Security,@SpotifyCares Got account alert that password was modified on Android 14 without my consent.,Hi! Send us a direct message immediately so our security team can secure your account. ^JM,Got account alert that password was modified on Android 14 without my consent.,Hi! Send us a direct message immediately so our security team can secure your account. ^JM
SPOT-0404,Playlist & Library Issues,@SpotifyCares Cannot edit or reorder tracks in my playlist Roadtrip Songs on Apple Watch.,Hey! Make sure playlist isn't set to read-only or collaborative mode without edit permissions. ^BP,Cannot edit or reorder tracks in my playlist Roadtrip Songs on Apple Watch.,Hey! Make sure playlist isn't set to read-only or collaborative mode without edit permissions. ^BP
SPOT-0405,Subscription & Premium,@SpotifyCares Want to switch my plan from Student to Duo. How does billing work?,Hey! You can change your plan under account overview. Any unused time will be prorated! ^JM,Want to switch my plan from Student to Duo. How does billing work?,Hey! You can change your plan under account overview. Any unused time will be prorated! ^JM
SPOT-0406,Playlist & Library Issues,@SpotifyCares Cannot edit or reorder tracks in my playlist Roadtrip Songs on Web Player.,Hey! Make sure playlist isn't set to read-only or collaborative mode without edit permissions. ^BP,Cannot edit or reorder tracks in my playlist Roadtrip Songs on Web Player.,Hey! Make sure playlist isn't set to read-only or collaborative mode without edit permissions. ^BP
SPOT-0407,Playlist & Library Issues,@SpotifyCares Cannot edit or reorder tracks in my playlist My Top 2026 Hits on iPad Air.,Hey! Make sure playlist isn't set to read-only or collaborative mode without edit permissions. ^BP,Cannot edit or reorder tracks in my playlist My Top 2026 Hits on iPad Air.,Hey! Make sure playlist isn't set to read-only or collaborative mode without edit permissions. ^BP
SPOT-0408,Subscription & Premium,@SpotifyCares Want to switch my plan from Student to Duo. How does billing work?,Hey! You can change your plan under account overview. Any unused time will be prorated! ^JM,Want to switch my plan from Student to Duo. How does billing work?,Hey! You can change your plan under account overview. Any unused time will be prorated! ^JM
SPOT-0409,Playlist & Library Issues,@SpotifyCares Cannot edit or reorder tracks in my playlist Workout Mix on Windows 11.,Hey! Make sure playlist isn't set to read-only or collaborative mode without edit permissions. ^BP,Cannot edit or reorder tracks in my playlist Workout Mix on Windows 11.,Hey! Make sure playlist isn't set to read-only or collaborative mode without edit permissions. ^BP
SPOT-0410,General Query & Feature Request,@SpotifyCares Is DJ AI Feature available in my region yet?,Hi! Keep an eye on our official newsroom updates for feature availability in your region! ^CA,Is DJ AI Feature available in my region yet?,Hi! Keep an eye on our official newsroom updates for feature availability in your region! ^CA
SPOT-0411,General Query & Feature Request,@SpotifyCares Is Hi-Res Audio available in my region yet?,Hi! Keep an eye on our official newsroom updates for feature availability in your region! ^CA,Is Hi-Res Audio available in my region yet?,Hi! Keep an eye on our official newsroom updates for feature availability in your region! ^CA
SPOT-0412,Playlist & Library Issues,@SpotifyCares Cannot edit or reorder tracks in my playlist Workout Mix on Windows 11.,Hey! Make sure playlist isn't set to read-only or collaborative mode without edit permissions. ^BP,Cannot edit or reorder tracks in my playlist Workout Mix on Windows 11.,Hey! Make sure playlist isn't set to read-only or collaborative mode without edit permissions. ^BP
SPOT-0413,Playback & Audio Bugs,@SpotifyCares Songs stop playing randomly after 1 minute on Apple Watch.,Hey! Check background battery optimization settings for Spotify on your device. ^CA,Songs stop playing randomly after 1 minute on Apple Watch.,Hey! Check background battery optimization settings for Spotify on your device. ^CA
SPOT-0414,Playlist & Library Issues,@SpotifyCares Cannot edit or reorder tracks in my playlist Roadtrip Songs on MacBook Pro.,Hey! Make sure playlist isn't set to read-only or collaborative mode without edit permissions. ^BP,Cannot edit or reorder tracks in my playlist Roadtrip Songs on MacBook Pro.,Hey! Make sure playlist isn't set to read-only or collaborative mode without edit permissions. ^BP
SPOT-0415,Login & Auth Issue,"@SpotifyCares Can't sign in on Windows 11, error says Network Timeout.",Hi! Try clearing app cache and restarting your device. Send us a DM if issue persists! ^NK,"Can't sign in on Windows 11, error says Network Timeout.",Hi! Try clearing app cache and restarting your device. Send us a DM if issue persists! ^NK
SPOT-0416,Account Compromise & Security,@SpotifyCares Got account alert that password was modified on Apple Watch without my consent.,Hi! Send us a direct message immediately so our security team can secure your account. ^JM,Got account alert that password was modified on Apple Watch without my consent.,Hi! Send us a direct message immediately so our security team can secure your account. ^JM
SPOT-0417,Billing & Refund Request,@SpotifyCares Charged $16.99 on my card for Spotify but I don't have an active subscription.,Hi! DM us the charge details and transaction date so we can track down the account responsible. ^BP,Charged $16.99 on my card for Spotify but I don't have an active subscription.,Hi! DM us the charge details and transaction date so we can track down the account responsible. ^BP
SPOT-0418,App Crash & Performance,@SpotifyCares Spotify app keeps crashing when loading Artist Page on Windows 11.,Hi! Perform a clean reinstall of the app to clear corrupted cache. ^NK,Spotify app keeps crashing when loading Artist Page on Windows 11.,Hi! Perform a clean reinstall of the app to clear corrupted cache. ^NK
SPOT-0419,Playback & Audio Bugs,@SpotifyCares Songs stop playing randomly after 30 seconds on Apple Watch.,Hey! Check background battery optimization settings for Spotify on your device. ^CA,Songs stop playing randomly after 30 seconds on Apple Watch.,Hey! Check background battery optimization settings for Spotify on your device. ^CA
SPOT-0420,Account Compromise & Security,@SpotifyCares Got account alert that password was modified on Apple Watch without my consent.,Hi! Send us a direct message immediately so our security team can secure your account. ^JM,Got account alert that password was modified on Apple Watch without my consent.,Hi! Send us a direct message immediately so our security team can secure your account. ^JM
SPOT-0421,General Query & Feature Request,@SpotifyCares Is DJ AI Feature available in my region yet?,Hi! Keep an eye on our official newsroom updates for feature availability in your region! ^CA,Is DJ AI Feature available in my region yet?,Hi! Keep an eye on our official newsroom updates for feature availability in your region! ^CA
SPOT-0422,Account Compromise & Security,@SpotifyCares Got account alert that password was modified on iPhone 15 without my consent.,Hi! Send us a direct message immediately so our security team can secure your account. ^JM,Got account alert that password was modified on iPhone 15 without my consent.,Hi! Send us a direct message immediately so our security team can secure your account. ^JM
SPOT-0423,Playback & Audio Bugs,@SpotifyCares Songs stop playing randomly after every song transition on MacBook Pro.,Hey! Check background battery optimization settings for Spotify on your device. ^CA,Songs stop playing randomly after every song transition on MacBook Pro.,Hey! Check background battery optimization settings for Spotify on your device. ^CA
SPOT-0424,Subscription & Premium,@SpotifyCares Want to switch my plan from Free to Individual Premium. How does billing work?,Hey! You can change your plan under account overview. Any unused time will be prorated! ^JM,Want to switch my plan from Free to Individual Premium. How does billing work?,Hey! You can change your plan under account overview. Any unused time will be prorated! ^JM
SPOT-0425,General Query & Feature Request,@SpotifyCares Is Hi-Res Audio available in my region yet?,Hi! Keep an eye on our official newsroom updates for feature availability in your region! ^CA,Is Hi-Res Audio available in my region yet?,Hi! Keep an eye on our official newsroom updates for feature availability in your region! ^CA
SPOT-0426,Playback & Audio Bugs,@SpotifyCares Songs stop playing randomly after 30 seconds on Apple Watch.,Hey! Check background battery optimization settings for Spotify on your device. ^CA,Songs stop playing randomly after 30 seconds on Apple Watch.,Hey! Check background battery optimization settings for Spotify on your device. ^CA
SPOT-0427,Playlist & Library Issues,@SpotifyCares Cannot edit or reorder tracks in my playlist My Top 2026 Hits on iPhone 15.,Hey! Make sure playlist isn't set to read-only or collaborative mode without edit permissions. ^BP,Cannot edit or reorder tracks in my playlist My Top 2026 Hits on iPhone 15.,Hey! Make sure playlist isn't set to read-only or collaborative mode without edit permissions. ^BP
SPOT-0428,Playback & Audio Bugs,@SpotifyCares Songs stop playing randomly after 1 minute on Android 14.,Hey! Check background battery optimization settings for Spotify on your device. ^CA,Songs stop playing randomly after 1 minute on Android 14.,Hey! Check background battery optimization settings for Spotify on your device. ^CA
SPOT-0429,Subscription & Premium,@SpotifyCares Want to switch my plan from Individual to Family. How does billing work?,Hey! You can change your plan under account overview. Any unused time will be prorated! ^JM,Want to switch my plan from Individual to Family. How does billing work?,Hey! You can change your plan under account overview. Any unused time will be prorated! ^JM
SPOT-0430,Subscription & Premium,@SpotifyCares Want to switch my plan from Free to Individual Premium. How does billing work?,Hey! You can change your plan under account overview. Any unused time will be prorated! ^JM,Want to switch my plan from Free to Individual Premium. How does billing work?,Hey! You can change your plan under account overview. Any unused time will be prorated! ^JM
SPOT-0431,Account Compromise & Security,@SpotifyCares Got account alert that password was modified on Apple Watch without my consent.,Hi! Send us a direct message immediately so our security team can secure your account. ^JM,Got account alert that password was modified on Apple Watch without my consent.,Hi! Send us a direct message immediately so our security team can secure your account. ^JM
SPOT-0432,General Query & Feature Request,@SpotifyCares Is Hi-Res Audio available in my region yet?,Hi! Keep an eye on our official newsroom updates for feature availability in your region! ^CA,Is Hi-Res Audio available in my region yet?,Hi! Keep an eye on our official newsroom updates for feature availability in your region! ^CA
SPOT-0433,Playback & Audio Bugs,@SpotifyCares Songs stop playing randomly after every song transition on iPad Air.,Hey! Check background battery optimization settings for Spotify on your device. ^CA,Songs stop playing randomly after every song transition on iPad Air.,Hey! Check background battery optimization settings for Spotify on your device. ^CA
SPOT-0434,Login & Auth Issue,"@SpotifyCares Can't sign in on iPad Air, error says Network Timeout.",Hi! Try clearing app cache and restarting your device. Send us a DM if issue persists! ^NK,"Can't sign in on iPad Air, error says Network Timeout.",Hi! Try clearing app cache and restarting your device. Send us a DM if issue persists! ^NK
SPOT-0435,General Query & Feature Request,@SpotifyCares Is Hi-Res Audio available in my region yet?,Hi! Keep an eye on our official newsroom updates for feature availability in your region! ^CA,Is Hi-Res Audio available in my region yet?,Hi! Keep an eye on our official newsroom updates for feature availability in your region! ^CA
SPOT-0436,Playback & Audio Bugs,@SpotifyCares Songs stop playing randomly after 30 seconds on iPhone 15.,Hey! Check background battery optimization settings for Spotify on your device. ^CA,Songs stop playing randomly after 30 seconds on iPhone 15.,Hey! Check background battery optimization settings for Spotify on your device. ^CA
SPOT-0437,General Query & Feature Request,@SpotifyCares Is DJ AI Feature available in my region yet?,Hi! Keep an eye on our official newsroom updates for feature availability in your region! ^CA,Is DJ AI Feature available in my region yet?,Hi! Keep an eye on our official newsroom updates for feature availability in your region! ^CA
SPOT-0438,Playlist & Library Issues,@SpotifyCares Cannot edit or reorder tracks in my playlist Workout Mix on Android 14.,Hey! Make sure playlist isn't set to read-only or collaborative mode without edit permissions. ^BP,Cannot edit or reorder tracks in my playlist Workout Mix on Android 14.,Hey! Make sure playlist isn't set to read-only or collaborative mode without edit permissions. ^BP
SPOT-0439,General Query & Feature Request,@SpotifyCares Is Canvas Animations available in my region yet?,Hi! Keep an eye on our official newsroom updates for feature availability in your region! ^CA,Is Canvas Animations available in my region yet?,Hi! Keep an eye on our official newsroom updates for feature availability in your region! ^CA
SPOT-0440,Login & Auth Issue,"@SpotifyCares Can't sign in on iPad Air, error says Authentication Failed.",Hi! Try clearing app cache and restarting your device. Send us a DM if issue persists! ^NK,"Can't sign in on iPad Air, error says Authentication Failed.",Hi! Try clearing app cache and restarting your device. Send us a DM if issue persists! ^NK
SPOT-0441,General Query & Feature Request,@SpotifyCares Is Hi-Res Audio available in my region yet?,Hi! Keep an eye on our official newsroom updates for feature availability in your region! ^CA,Is Hi-Res Audio available in my region yet?,Hi! Keep an eye on our official newsroom updates for feature availability in your region! ^CA
SPOT-0442,Login & Auth Issue,"@SpotifyCares Can't sign in on Windows 11, error says Error 404.",Hi! Try clearing app cache and restarting your device. Send us a DM if issue persists! ^NK,"Can't sign in on Windows 11, error says Error 404.",Hi! Try clearing app cache and restarting your device. Send us a DM if issue persists! ^NK
SPOT-0443,Billing & Refund Request,@SpotifyCares Charged $16.99 on my card for Spotify but I don't have an active subscription.,Hi! DM us the charge details and transaction date so we can track down the account responsible. ^BP,Charged $16.99 on my card for Spotify but I don't have an active subscription.,Hi! DM us the charge details and transaction date so we can track down the account responsible. ^BP
SPOT-0444,Login & Auth Issue,"@SpotifyCares Can't sign in on Windows 11, error says Offline Mode Stuck.",Hi! Try clearing app cache and restarting your device. Send us a DM if issue persists! ^NK,"Can't sign in on Windows 11, error says Offline Mode Stuck.",Hi! Try clearing app cache and restarting your device. Send us a DM if issue persists! ^NK
SPOT-0445,App Crash & Performance,@SpotifyCares Spotify app keeps crashing when loading Home Tab on Web Player.,Hi! Perform a clean reinstall of the app to clear corrupted cache. ^NK,Spotify app keeps crashing when loading Home Tab on Web Player.,Hi! Perform a clean reinstall of the app to clear corrupted cache. ^NK
SPOT-0446,Playlist & Library Issues,@SpotifyCares Cannot edit or reorder tracks in my playlist My Top 2026 Hits on MacBook Pro.,Hey! Make sure playlist isn't set to read-only or collaborative mode without edit permissions. ^BP,Cannot edit or reorder tracks in my playlist My Top 2026 Hits on MacBook Pro.,Hey! Make sure playlist isn't set to read-only or collaborative mode without edit permissions. ^BP
SPOT-0447,Subscription & Premium,@SpotifyCares Want to switch my plan from Free to Individual Premium. How does billing work?,Hey! You can change your plan under account overview. Any unused time will be prorated! ^JM,Want to switch my plan from Free to Individual Premium. How does billing work?,Hey! You can change your plan under account overview. Any unused time will be prorated! ^JM
SPOT-0448,Subscription & Premium,@SpotifyCares Want to switch my plan from Individual to Family. How does billing work?,Hey! You can change your plan under account overview. Any unused time will be prorated! ^JM,Want to switch my plan from Individual to Family. How does billing work?,Hey! You can change your plan under account overview. Any unused time will be prorated! ^JM
SPOT-0449,Login & Auth Issue,"@SpotifyCares Can't sign in on Web Player, error says Authentication Failed.",Hi! Try clearing app cache and restarting your device. Send us a DM if issue persists! ^NK,"Can't sign in on Web Player, error says Authentication Failed.",Hi! Try clearing app cache and restarting your device. Send us a DM if issue persists! ^NK
SPOT-0450,Playback & Audio Bugs,@SpotifyCares Songs stop playing randomly after 1 minute on iPhone 15.,Hey! Check background battery optimization settings for Spotify on your device. ^CA,Songs stop playing randomly after 1 minute on iPhone 15.,Hey! Check background battery optimization settings for Spotify on your device. ^CA
SPOT-0451,Subscription & Premium,@SpotifyCares Want to switch my plan from Individual to Family. How does billing work?,Hey! You can change your plan under account overview. Any unused time will be prorated! ^JM,Want to switch my plan from Individual to Family. How does billing work?,Hey! You can change your plan under account overview. Any unused time will be prorated! ^JM
SPOT-0452,Billing & Refund Request,@SpotifyCares Charged $10.99 on my card for Spotify but I don't have an active subscription.,Hi! DM us the charge details and transaction date so we can track down the account responsible. ^BP,Charged $10.99 on my card for Spotify but I don't have an active subscription.,Hi! DM us the charge details and transaction date so we can track down the account responsible. ^BP
SPOT-0453,Billing & Refund Request,@SpotifyCares Charged $19.99 on my card for Spotify but I don't have an active subscription.,Hi! DM us the charge details and transaction date so we can track down the account responsible. ^BP,Charged $19.99 on my card for Spotify but I don't have an active subscription.,Hi! DM us the charge details and transaction date so we can track down the account responsible. ^BP
SPOT-0454,Billing & Refund Request,@SpotifyCares Charged $5.99 on my card for Spotify but I don't have an active subscription.,Hi! DM us the charge details and transaction date so we can track down the account responsible. ^BP,Charged $5.99 on my card for Spotify but I don't have an active subscription.,Hi! DM us the charge details and transaction date so we can track down the account responsible. ^BP
SPOT-0455,Billing & Refund Request,@SpotifyCares Charged $16.99 on my card for Spotify but I don't have an active subscription.,Hi! DM us the charge details and transaction date so we can track down the account responsible. ^BP,Charged $16.99 on my card for Spotify but I don't have an active subscription.,Hi! DM us the charge details and transaction date so we can track down the account responsible. ^BP
SPOT-0456,Playlist & Library Issues,@SpotifyCares Cannot edit or reorder tracks in my playlist My Top 2026 Hits on Android 14.,Hey! Make sure playlist isn't set to read-only or collaborative mode without edit permissions. ^BP,Cannot edit or reorder tracks in my playlist My Top 2026 Hits on Android 14.,Hey! Make sure playlist isn't set to read-only or collaborative mode without edit permissions. ^BP
SPOT-0457,Billing & Refund Request,@SpotifyCares Charged $16.99 on my card for Spotify but I don't have an active subscription.,Hi! DM us the charge details and transaction date so we can track down the account responsible. ^BP,Charged $16.99 on my card for Spotify but I don't have an active subscription.,Hi! DM us the charge details and transaction date so we can track down the account responsible. ^BP
SPOT-0458,App Crash & Performance,@SpotifyCares Spotify app keeps crashing when loading Home Tab on Apple Watch.,Hi! Perform a clean reinstall of the app to clear corrupted cache. ^NK,Spotify app keeps crashing when loading Home Tab on Apple Watch.,Hi! Perform a clean reinstall of the app to clear corrupted cache. ^NK
SPOT-0459,Login & Auth Issue,"@SpotifyCares Can't sign in on Android 14, error says Authentication Failed.",Hi! Try clearing app cache and restarting your device. Send us a DM if issue persists! ^NK,"Can't sign in on Android 14, error says Authentication Failed.",Hi! Try clearing app cache and restarting your device. Send us a DM if issue persists! ^NK
SPOT-0460,Account Compromise & Security,@SpotifyCares Got account alert that password was modified on MacBook Pro without my consent.,Hi! Send us a direct message immediately so our security team can secure your account. ^JM,Got account alert that password was modified on MacBook Pro without my consent.,Hi! Send us a direct message immediately so our security team can secure your account. ^JM
SPOT-0461,Playlist & Library Issues,@SpotifyCares Cannot edit or reorder tracks in my playlist Roadtrip Songs on Apple Watch.,Hey! Make sure playlist isn't set to read-only or collaborative mode without edit permissions. ^BP,Cannot edit or reorder tracks in my playlist Roadtrip Songs on Apple Watch.,Hey! Make sure playlist isn't set to read-only or collaborative mode without edit permissions. ^BP
SPOT-0462,Playlist & Library Issues,@SpotifyCares Cannot edit or reorder tracks in my playlist My Top 2026 Hits on Windows 11.,Hey! Make sure playlist isn't set to read-only or collaborative mode without edit permissions. ^BP,Cannot edit or reorder tracks in my playlist My Top 2026 Hits on Windows 11.,Hey! Make sure playlist isn't set to read-only or collaborative mode without edit permissions. ^BP
SPOT-0463,Login & Auth Issue,"@SpotifyCares Can't sign in on Windows 11, error says Error 404.",Hi! Try clearing app cache and restarting your device. Send us a DM if issue persists! ^NK,"Can't sign in on Windows 11, error says Error 404.",Hi! Try clearing app cache and restarting your device. Send us a DM if issue persists! ^NK
SPOT-0464,Account Compromise & Security,@SpotifyCares Got account alert that password was modified on Apple Watch without my consent.,Hi! Send us a direct message immediately so our security team can secure your account. ^JM,Got account alert that password was modified on Apple Watch without my consent.,Hi! Send us a direct message immediately so our security team can secure your account. ^JM
SPOT-0465,Account Compromise & Security,@SpotifyCares Got account alert that password was modified on Android 14 without my consent.,Hi! Send us a direct message immediately so our security team can secure your account. ^JM,Got account alert that password was modified on Android 14 without my consent.,Hi! Send us a direct message immediately so our security team can secure your account. ^JM
SPOT-0466,General Query & Feature Request,@SpotifyCares Is DJ AI Feature available in my region yet?,Hi! Keep an eye on our official newsroom updates for feature availability in your region! ^CA,Is DJ AI Feature available in my region yet?,Hi! Keep an eye on our official newsroom updates for feature availability in your region! ^CA
SPOT-0467,App Crash & Performance,@SpotifyCares Spotify app keeps crashing when loading Liked Songs on MacBook Pro.,Hi! Perform a clean reinstall of the app to clear corrupted cache. ^NK,Spotify app keeps crashing when loading Liked Songs on MacBook Pro.,Hi! Perform a clean reinstall of the app to clear corrupted cache. ^NK
SPOT-0468,Playback & Audio Bugs,@SpotifyCares Songs stop playing randomly after 30 seconds on MacBook Pro.,Hey! Check background battery optimization settings for Spotify on your device. ^CA,Songs stop playing randomly after 30 seconds on MacBook Pro.,Hey! Check background battery optimization settings for Spotify on your device. ^CA
SPOT-0469,Playlist & Library Issues,@SpotifyCares Cannot edit or reorder tracks in my playlist Workout Mix on Windows 11.,Hey! Make sure playlist isn't set to read-only or collaborative mode without edit permissions. ^BP,Cannot edit or reorder tracks in my playlist Workout Mix on Windows 11.,Hey! Make sure playlist isn't set to read-only or collaborative mode without edit permissions. ^BP
SPOT-0470,Playback & Audio Bugs,@SpotifyCares Songs stop playing randomly after 30 seconds on Web Player.,Hey! Check background battery optimization settings for Spotify on your device. ^CA,Songs stop playing randomly after 30 seconds on Web Player.,Hey! Check background battery optimization settings for Spotify on your device. ^CA
SPOT-0471,Playlist & Library Issues,@SpotifyCares Cannot edit or reorder tracks in my playlist Chill Vibes on iPad Air.,Hey! Make sure playlist isn't set to read-only or collaborative mode without edit permissions. ^BP,Cannot edit or reorder tracks in my playlist Chill Vibes on iPad Air.,Hey! Make sure playlist isn't set to read-only or collaborative mode without edit permissions. ^BP
SPOT-0472,Subscription & Premium,@SpotifyCares Want to switch my plan from Free to Individual Premium. How does billing work?,Hey! You can change your plan under account overview. Any unused time will be prorated! ^JM,Want to switch my plan from Free to Individual Premium. How does billing work?,Hey! You can change your plan under account overview. Any unused time will be prorated! ^JM
SPOT-0473,Account Compromise & Security,@SpotifyCares Got account alert that password was modified on Apple Watch without my consent.,Hi! Send us a direct message immediately so our security team can secure your account. ^JM,Got account alert that password was modified on Apple Watch without my consent.,Hi! Send us a direct message immediately so our security team can secure your account. ^JM
SPOT-0474,Billing & Refund Request,@SpotifyCares Charged $10.99 on my card for Spotify but I don't have an active subscription.,Hi! DM us the charge details and transaction date so we can track down the account responsible. ^BP,Charged $10.99 on my card for Spotify but I don't have an active subscription.,Hi! DM us the charge details and transaction date so we can track down the account responsible. ^BP
SPOT-0475,Billing & Refund Request,@SpotifyCares Charged $19.99 on my card for Spotify but I don't have an active subscription.,Hi! DM us the charge details and transaction date so we can track down the account responsible. ^BP,Charged $19.99 on my card for Spotify but I don't have an active subscription.,Hi! DM us the charge details and transaction date so we can track down the account responsible. ^BP
SPOT-0476,Login & Auth Issue,"@SpotifyCares Can't sign in on Apple Watch, error says Error 404.",Hi! Try clearing app cache and restarting your device. Send us a DM if issue persists! ^NK,"Can't sign in on Apple Watch, error says Error 404.",Hi! Try clearing app cache and restarting your device. Send us a DM if issue persists! ^NK
SPOT-0477,Subscription & Premium,@SpotifyCares Want to switch my plan from Individual to Family. How does billing work?,Hey! You can change your plan under account overview. Any unused time will be prorated! ^JM,Want to switch my plan from Individual to Family. How does billing work?,Hey! You can change your plan under account overview. Any unused time will be prorated! ^JM
SPOT-0478,Account Compromise & Security,@SpotifyCares Got account alert that password was modified on Android 14 without my consent.,Hi! Send us a direct message immediately so our security team can secure your account. ^JM,Got account alert that password was modified on Android 14 without my consent.,Hi! Send us a direct message immediately so our security team can secure your account. ^JM
SPOT-0479,Billing & Refund Request,@SpotifyCares Charged $10.99 on my card for Spotify but I don't have an active subscription.,Hi! DM us the charge details and transaction date so we can track down the account responsible. ^BP,Charged $10.99 on my card for Spotify but I don't have an active subscription.,Hi! DM us the charge details and transaction date so we can track down the account responsible. ^BP
SPOT-0480,App Crash & Performance,@SpotifyCares Spotify app keeps crashing when loading Artist Page on iPad Air.,Hi! Perform a clean reinstall of the app to clear corrupted cache. ^NK,Spotify app keeps crashing when loading Artist Page on iPad Air.,Hi! Perform a clean reinstall of the app to clear corrupted cache. ^NK
SPOT-0481,App Crash & Performance,@SpotifyCares Spotify app keeps crashing when loading Liked Songs on Web Player.,Hi! Perform a clean reinstall of the app to clear corrupted cache. ^NK,Spotify app keeps crashing when loading Liked Songs on Web Player.,Hi! Perform a clean reinstall of the app to clear corrupted cache. ^NK
SPOT-0482,Playback & Audio Bugs,@SpotifyCares Songs stop playing randomly after 1 minute on iPhone 15.,Hey! Check background battery optimization settings for Spotify on your device. ^CA,Songs stop playing randomly after 1 minute on iPhone 15.,Hey! Check background battery optimization settings for Spotify on your device. ^CA
SPOT-0483,Playlist & Library Issues,@SpotifyCares Cannot edit or reorder tracks in my playlist Chill Vibes on iPad Air.,Hey! Make sure playlist isn't set to read-only or collaborative mode without edit permissions. ^BP,Cannot edit or reorder tracks in my playlist Chill Vibes on iPad Air.,Hey! Make sure playlist isn't set to read-only or collaborative mode without edit permissions. ^BP
SPOT-0484,Account Compromise & Security,@SpotifyCares Got account alert that password was modified on Android 14 without my consent.,Hi! Send us a direct message immediately so our security team can secure your account. ^JM,Got account alert that password was modified on Android 14 without my consent.,Hi! Send us a direct message immediately so our security team can secure your account. ^JM
SPOT-0485,Playback & Audio Bugs,@SpotifyCares Songs stop playing randomly after every song transition on Android 14.,Hey! Check background battery optimization settings for Spotify on your device. ^CA,Songs stop playing randomly after every song transition on Android 14.,Hey! Check background battery optimization settings for Spotify on your device. ^CA
SPOT-0486,Playlist & Library Issues,@SpotifyCares Cannot edit or reorder tracks in my playlist My Top 2026 Hits on Web Player.,Hey! Make sure playlist isn't set to read-only or collaborative mode without edit permissions. ^BP,Cannot edit or reorder tracks in my playlist My Top 2026 Hits on Web Player.,Hey! Make sure playlist isn't set to read-only or collaborative mode without edit permissions. ^BP
SPOT-0487,Account Compromise & Security,@SpotifyCares Got account alert that password was modified on iPhone 15 without my consent.,Hi! Send us a direct message immediately so our security team can secure your account. ^JM,Got account alert that password was modified on iPhone 15 without my consent.,Hi! Send us a direct message immediately so our security team can secure your account. ^JM
SPOT-0488,Playback & Audio Bugs,@SpotifyCares Songs stop playing randomly after 30 seconds on Apple Watch.,Hey! Check background battery optimization settings for Spotify on your device. ^CA,Songs stop playing randomly after 30 seconds on Apple Watch.,Hey! Check background battery optimization settings for Spotify on your device. ^CA
SPOT-0489,Account Compromise & Security,@SpotifyCares Got account alert that password was modified on iPhone 15 without my consent.,Hi! Send us a direct message immediately so our security team can secure your account. ^JM,Got account alert that password was modified on iPhone 15 without my consent.,Hi! Send us a direct message immediately so our security team can secure your account. ^JM
SPOT-0490,App Crash & Performance,@SpotifyCares Spotify app keeps crashing when loading Liked Songs on iPad Air.,Hi! Perform a clean reinstall of the app to clear corrupted cache. ^NK,Spotify app keeps crashing when loading Liked Songs on iPad Air.,Hi! Perform a clean reinstall of the app to clear corrupted cache. ^NK
SPOT-0491,Login & Auth Issue,"@SpotifyCares Can't sign in on iPad Air, error says Error 404.",Hi! Try clearing app cache and restarting your device. Send us a DM if issue persists! ^NK,"Can't sign in on iPad Air, error says Error 404.",Hi! Try clearing app cache and restarting your device. Send us a DM if issue persists! ^NK
SPOT-0492,Playback & Audio Bugs,@SpotifyCares Songs stop playing randomly after 30 seconds on MacBook Pro.,Hey! Check background battery optimization settings for Spotify on your device. ^CA,Songs stop playing randomly after 30 seconds on MacBook Pro.,Hey! Check background battery optimization settings for Spotify on your device. ^CA
SPOT-0493,Playback & Audio Bugs,@SpotifyCares Songs stop playing randomly after every song transition on Windows 11.,Hey! Check background battery optimization settings for Spotify on your device. ^CA,Songs stop playing randomly after every song transition on Windows 11.,Hey! Check background battery optimization settings for Spotify on your device. ^CA
SPOT-0494,General Query & Feature Request,@SpotifyCares Is Audiobook streaming available in my region yet?,Hi! Keep an eye on our official newsroom updates for feature availability in your region! ^CA,Is Audiobook streaming available in my region yet?,Hi! Keep an eye on our official newsroom updates for feature availability in your region! ^CA
SPOT-0495,General Query & Feature Request,@SpotifyCares Is Audiobook streaming available in my region yet?,Hi! Keep an eye on our official newsroom updates for feature availability in your region! ^CA,Is Audiobook streaming available in my region yet?,Hi! Keep an eye on our official newsroom updates for feature availability in your region! ^CA
SPOT-0496,Playlist & Library Issues,@SpotifyCares Cannot edit or reorder tracks in my playlist Workout Mix on Windows 11.,Hey! Make sure playlist isn't set to read-only or collaborative mode without edit permissions. ^BP,Cannot edit or reorder tracks in my playlist Workout Mix on Windows 11.,Hey! Make sure playlist isn't set to read-only or collaborative mode without edit permissions. ^BP
SPOT-0497,Playlist & Library Issues,@SpotifyCares Cannot edit or reorder tracks in my playlist Chill Vibes on iPad Air.,Hey! Make sure playlist isn't set to read-only or collaborative mode without edit permissions. ^BP,Cannot edit or reorder tracks in my playlist Chill Vibes on iPad Air.,Hey! Make sure playlist isn't set to read-only or collaborative mode without edit permissions. ^BP
SPOT-0498,App Crash & Performance,@SpotifyCares Spotify app keeps crashing when loading Artist Page on iPhone 15.,Hi! Perform a clean reinstall of the app to clear corrupted cache. ^NK,Spotify app keeps crashing when loading Artist Page on iPhone 15.,Hi! Perform a clean reinstall of the app to clear corrupted cache. ^NK
SPOT-0499,Subscription & Premium,@SpotifyCares Want to switch my plan from Free to Individual Premium. How does billing work?,Hey! You can change your plan under account overview. Any unused time will be prorated! ^JM,Want to switch my plan from Free to Individual Premium. How does billing work?,Hey! You can change your plan under account overview. Any unused time will be prorated! ^JM
SPOT-0500,Account Compromise & Security,@SpotifyCares Got account alert that password was modified on Apple Watch without my consent.,Hi! Send us a direct message immediately so our security team can secure your account. ^JM,Got account alert that password was modified on Apple Watch without my consent.,Hi! Send us a direct message immediately so our security team can secure your account. ^JM
SPOT-0501,App Crash & Performance,@SpotifyCares Spotify app keeps crashing when loading Home Tab on iPad Air.,Hi! Perform a clean reinstall of the app to clear corrupted cache. ^NK,Spotify app keeps crashing when loading Home Tab on iPad Air.,Hi! Perform a clean reinstall of the app to clear corrupted cache. ^NK
SPOT-0502,Subscription & Premium,@SpotifyCares Want to switch my plan from Free to Individual Premium. How does billing work?,Hey! You can change your plan under account overview. Any unused time will be prorated! ^JM,Want to switch my plan from Free to Individual Premium. How does billing work?,Hey! You can change your plan under account overview. Any unused time will be prorated! ^JM
SPOT-0503,Login & Auth Issue,"@SpotifyCares Can't sign in on Android 14, error says Network Timeout.",Hi! Try clearing app cache and restarting your device. Send us a DM if issue persists! ^NK,"Can't sign in on Android 14, error says Network Timeout.",Hi! Try clearing app cache and restarting your device. Send us a DM if issue persists! ^NK
SPOT-0504,App Crash & Performance,@SpotifyCares Spotify app keeps crashing when loading Liked Songs on Apple Watch.,Hi! Perform a clean reinstall of the app to clear corrupted cache. ^NK,Spotify app keeps crashing when loading Liked Songs on Apple Watch.,Hi! Perform a clean reinstall of the app to clear corrupted cache. ^NK
SPOT-0505,App Crash & Performance,@SpotifyCares Spotify app keeps crashing when loading Search Screen on Apple Watch.,Hi! Perform a clean reinstall of the app to clear corrupted cache. ^NK,Spotify app keeps crashing when loading Search Screen on Apple Watch.,Hi! Perform a clean reinstall of the app to clear corrupted cache. ^NK
SPOT-0506,General Query & Feature Request,@SpotifyCares Is DJ AI Feature available in my region yet?,Hi! Keep an eye on our official newsroom updates for feature availability in your region! ^CA,Is DJ AI Feature available in my region yet?,Hi! Keep an eye on our official newsroom updates for feature availability in your region! ^CA
SPOT-0507,App Crash & Performance,@SpotifyCares Spotify app keeps crashing when loading Liked Songs on Windows 11.,Hi! Perform a clean reinstall of the app to clear corrupted cache. ^NK,Spotify app keeps crashing when loading Liked Songs on Windows 11.,Hi! Perform a clean reinstall of the app to clear corrupted cache. ^NK
SPOT-0508,General Query & Feature Request,@SpotifyCares Is Canvas Animations available in my region yet?,Hi! Keep an eye on our official newsroom updates for feature availability in your region! ^CA,Is Canvas Animations available in my region yet?,Hi! Keep an eye on our official newsroom updates for feature availability in your region! ^CA
SPOT-0509,App Crash & Performance,@SpotifyCares Spotify app keeps crashing when loading Liked Songs on Android 14.,Hi! Perform a clean reinstall of the app to clear corrupted cache. ^NK,Spotify app keeps crashing when loading Liked Songs on Android 14.,Hi! Perform a clean reinstall of the app to clear corrupted cache. ^NK
SPOT-0510,Billing & Refund Request,@SpotifyCares Charged $10.99 on my card for Spotify but I don't have an active subscription.,Hi! DM us the charge details and transaction date so we can track down the account responsible. ^BP,Charged $10.99 on my card for Spotify but I don't have an active subscription.,Hi! DM us the charge details and transaction date so we can track down the account responsible. ^BP
SPOT-0511,Playlist & Library Issues,@SpotifyCares Cannot edit or reorder tracks in my playlist Workout Mix on MacBook Pro.,Hey! Make sure playlist isn't set to read-only or collaborative mode without edit permissions. ^BP,Cannot edit or reorder tracks in my playlist Workout Mix on MacBook Pro.,Hey! Make sure playlist isn't set to read-only or collaborative mode without edit permissions. ^BP
SPOT-0512,Account Compromise & Security,@SpotifyCares Got account alert that password was modified on Web Player without my consent.,Hi! Send us a direct message immediately so our security team can secure your account. ^JM,Got account alert that password was modified on Web Player without my consent.,Hi! Send us a direct message immediately so our security team can secure your account. ^JM
SPOT-0513,Login & Auth Issue,"@SpotifyCares Can't sign in on Apple Watch, error says Authentication Failed.",Hi! Try clearing app cache and restarting your device. Send us a DM if issue persists! ^NK,"Can't sign in on Apple Watch, error says Authentication Failed.",Hi! Try clearing app cache and restarting your device. Send us a DM if issue persists! ^NK
SPOT-0514,Playback & Audio Bugs,@SpotifyCares Songs stop playing randomly after every song transition on Windows 11.,Hey! Check background battery optimization settings for Spotify on your device. ^CA,Songs stop playing randomly after every song transition on Windows 11.,Hey! Check background battery optimization settings for Spotify on your device. ^CA
SPOT-0515,Billing & Refund Request,@SpotifyCares Charged $19.99 on my card for Spotify but I don't have an active subscription.,Hi! DM us the charge details and transaction date so we can track down the account responsible. ^BP,Charged $19.99 on my card for Spotify but I don't have an active subscription.,Hi! DM us the charge details and transaction date so we can track down the account responsible. ^BP
SPOT-0516,Billing & Refund Request,@SpotifyCares Charged $19.99 on my card for Spotify but I don't have an active subscription.,Hi! DM us the charge details and transaction date so we can track down the account responsible. ^BP,Charged $19.99 on my card for Spotify but I don't have an active subscription.,Hi! DM us the charge details and transaction date so we can track down the account responsible. ^BP
SPOT-0517,Playback & Audio Bugs,@SpotifyCares Songs stop playing randomly after every song transition on iPad Air.,Hey! Check background battery optimization settings for Spotify on your device. ^CA,Songs stop playing randomly after every song transition on iPad Air.,Hey! Check background battery optimization settings for Spotify on your device. ^CA
SPOT-0518,App Crash & Performance,@SpotifyCares Spotify app keeps crashing when loading Search Screen on Android 14.,Hi! Perform a clean reinstall of the app to clear corrupted cache. ^NK,Spotify app keeps crashing when loading Search Screen on Android 14.,Hi! Perform a clean reinstall of the app to clear corrupted cache. ^NK
SPOT-0519,Billing & Refund Request,@SpotifyCares Charged $16.99 on my card for Spotify but I don't have an active subscription.,Hi! DM us the charge details and transaction date so we can track down the account responsible. ^BP,Charged $16.99 on my card for Spotify but I don't have an active subscription.,Hi! DM us the charge details and transaction date so we can track down the account responsible. ^BP
SPOT-0520,Subscription & Premium,@SpotifyCares Want to switch my plan from Student to Duo. How does billing work?,Hey! You can change your plan under account overview. Any unused time will be prorated! ^JM,Want to switch my plan from Student to Duo. How does billing work?,Hey! You can change your plan under account overview. Any unused time will be prorated! ^JM
SPOT-0521,General Query & Feature Request,@SpotifyCares Is Audiobook streaming available in my region yet?,Hi! Keep an eye on our official newsroom updates for feature availability in your region! ^CA,Is Audiobook streaming available in my region yet?,Hi! Keep an eye on our official newsroom updates for feature availability in your region! ^CA
SPOT-0522,Account Compromise & Security,@SpotifyCares Got account alert that password was modified on iPad Air without my consent.,Hi! Send us a direct message immediately so our security team can secure your account. ^JM,Got account alert that password was modified on iPad Air without my consent.,Hi! Send us a direct message immediately so our security team can secure your account. ^JM
SPOT-0523,Account Compromise & Security,@SpotifyCares Got account alert that password was modified on iPad Air without my consent.,Hi! Send us a direct message immediately so our security team can secure your account. ^JM,Got account alert that password was modified on iPad Air without my consent.,Hi! Send us a direct message immediately so our security team can secure your account. ^JM
SPOT-0524,App Crash & Performance,@SpotifyCares Spotify app keeps crashing when loading Artist Page on Web Player.,Hi! Perform a clean reinstall of the app to clear corrupted cache. ^NK,Spotify app keeps crashing when loading Artist Page on Web Player.,Hi! Perform a clean reinstall of the app to clear corrupted cache. ^NK
SPOT-0525,Playlist & Library Issues,@SpotifyCares Cannot edit or reorder tracks in my playlist Roadtrip Songs on iPad Air.,Hey! Make sure playlist isn't set to read-only or collaborative mode without edit permissions. ^BP,Cannot edit or reorder tracks in my playlist Roadtrip Songs on iPad Air.,Hey! Make sure playlist isn't set to read-only or collaborative mode without edit permissions. ^BP
SPOT-0526,Playlist & Library Issues,@SpotifyCares Cannot edit or reorder tracks in my playlist Roadtrip Songs on Apple Watch.,Hey! Make sure playlist isn't set to read-only or collaborative mode without edit permissions. ^BP,Cannot edit or reorder tracks in my playlist Roadtrip Songs on Apple Watch.,Hey! Make sure playlist isn't set to read-only or collaborative mode without edit permissions. ^BP
SPOT-0527,App Crash & Performance,@SpotifyCares Spotify app keeps crashing when loading Home Tab on iPhone 15.,Hi! Perform a clean reinstall of the app to clear corrupted cache. ^NK,Spotify app keeps crashing when loading Home Tab on iPhone 15.,Hi! Perform a clean reinstall of the app to clear corrupted cache. ^NK
SPOT-0528,General Query & Feature Request,@SpotifyCares Is Hi-Res Audio available in my region yet?,Hi! Keep an eye on our official newsroom updates for feature availability in your region! ^CA,Is Hi-Res Audio available in my region yet?,Hi! Keep an eye on our official newsroom updates for feature availability in your region! ^CA
SPOT-0529,Subscription & Premium,@SpotifyCares Want to switch my plan from Student to Duo. How does billing work?,Hey! You can change your plan under account overview. Any unused time will be prorated! ^JM,Want to switch my plan from Student to Duo. How does billing work?,Hey! You can change your plan under account overview. Any unused time will be prorated! ^JM
SPOT-0530,General Query & Feature Request,@SpotifyCares Is Audiobook streaming available in my region yet?,Hi! Keep an eye on our official newsroom updates for feature availability in your region! ^CA,Is Audiobook streaming available in my region yet?,Hi! Keep an eye on our official newsroom updates for feature availability in your region! ^CA
SPOT-0531,Login & Auth Issue,"@SpotifyCares Can't sign in on Android 14, error says Network Timeout.",Hi! Try clearing app cache and restarting your device. Send us a DM if issue persists! ^NK,"Can't sign in on Android 14, error says Network Timeout.",Hi! Try clearing app cache and restarting your device. Send us a DM if issue persists! ^NK
SPOT-0532,Login & Auth Issue,"@SpotifyCares Can't sign in on Apple Watch, error says Error 404.",Hi! Try clearing app cache and restarting your device. Send us a DM if issue persists! ^NK,"Can't sign in on Apple Watch, error says Error 404.",Hi! Try clearing app cache and restarting your device. Send us a DM if issue persists! ^NK
SPOT-0533,General Query & Feature Request,@SpotifyCares Is DJ AI Feature available in my region yet?,Hi! Keep an eye on our official newsroom updates for feature availability in your region! ^CA,Is DJ AI Feature available in my region yet?,Hi! Keep an eye on our official newsroom updates for feature availability in your region! ^CA
SPOT-0534,App Crash & Performance,@SpotifyCares Spotify app keeps crashing when loading Artist Page on iPad Air.,Hi! Perform a clean reinstall of the app to clear corrupted cache. ^NK,Spotify app keeps crashing when loading Artist Page on iPad Air.,Hi! Perform a clean reinstall of the app to clear corrupted cache. ^NK
SPOT-0535,Playlist & Library Issues,@SpotifyCares Cannot edit or reorder tracks in my playlist Workout Mix on iPad Air.,Hey! Make sure playlist isn't set to read-only or collaborative mode without edit permissions. ^BP,Cannot edit or reorder tracks in my playlist Workout Mix on iPad Air.,Hey! Make sure playlist isn't set to read-only or collaborative mode without edit permissions. ^BP
SPOT-0536,Playback & Audio Bugs,@SpotifyCares Songs stop playing randomly after 1 minute on Android 14.,Hey! Check background battery optimization settings for Spotify on your device. ^CA,Songs stop playing randomly after 1 minute on Android 14.,Hey! Check background battery optimization settings for Spotify on your device. ^CA
SPOT-0537,General Query & Feature Request,@SpotifyCares Is Hi-Res Audio available in my region yet?,Hi! Keep an eye on our official newsroom updates for feature availability in your region! ^CA,Is Hi-Res Audio available in my region yet?,Hi! Keep an eye on our official newsroom updates for feature availability in your region! ^CA
